temperature,precipitation,wind_speed,visibility,humidity,pollution_index,weather
62.486875702171595,0.0,0.8269261819801721,1.2037231343010624,-0.28567952820473697,66.87969917874204,Cloudy
56.61786606458595,0.8885755454317299,0.03711633854070229,2.407207099005219,-0.04905076187560864,62.448596733850096,Cloudy
56.53112871069202,3.0104264723172793,0.48727283218245354,1.8727091569636611,0.4923014318027318,98.66257204800357,Cloudy
55.68701888200874,2.861080331714679,2.279462201534443,2.538250938872289,1.0,84.90687938391801,Cloudy
30.095760911578168,4.26871745847856,2.473523674114529,4.683607336761671,-0.5094144149940588,69.33178546392283,Cloudy
52.09945467342616,0.9992428730879785,-1.6663791208374041,2.358153036400793,0.20788455464333455,83.32221267044154,Cloudy
41.03838312891145,4.731915274465746,-0.31723390382184213,3.375722414541536,-0.4689605617202123,85.17322975138102,Cloudy
54.35401237244778,3.594506050083309,1.3020971797651644,1.874961726981538,1.0,81.28362569637147,Cloudy
33.675628075165434,1.1436831417912146,3.380887762982887,2.0452264331867664,1.0,67.44616394106578,Cloudy
46.26894426479912,2.723640518328006,1.4160884463051562,5.24226225897436,0.7873296929013653,79.26909297398655,Cloudy
45.93666319276652,1.4943412375223222,3.8603381442117857,2.1708224453830756,0.5301011922752952,86.78074393874424,Cloudy
47.774057696755015,2.101541012201519,1.6178358896171892,1.7001148680649991,0.8093226047882757,90.88747451543821,Cloudy
31.778000556402326,2.0604182635830353,1.6526245224260734,2.8254905289749983,1.0,74.4569816930472,Cloudy
35.48824581172048,1.1801345748846086,5.52496224986085,2.993744104069034,1.0,88.40725814012967,Cloudy
43.2703433380113,1.8533873533818541,1.7331278944332928,5.060900229284578,1.0,73.15467963923089,Cloudy
31.40152188315529,0.3780979185667874,3.285256640909493,4.986103248643259,0.09172190286537374,95.41451148053062,Cloudy
57.7118221885937,1.157787999010599,0.15764534806939245,2.9594509139794765,1.0,60.51752484688123,Cloudy
50.19070885169721,2.8054549612348496,3.8146758686145676,3.9968042622782836,0.4495462706972745,99.75265064841285,Cloudy
37.56803034022555,2.873002689074233,0.33404731574864677,5.286778960829744,1.0,83.22401815390667,Cloudy
27.511839050978093,0.0,5.711386955262284,3.038963009225296,-0.07551385628358864,84.11414311664109,Cloudy
37.38077622799867,2.876496107961919,0.8261003841769226,3.1350562438947502,1.0,98.63983047375929,Cloudy
44.8307679621673,3.03403763145044,0.11355201197303044,1.6788356256412622,0.7611041799377501,91.23643662730811,Cloudy
18.807894938270167,3.9636816715881715,6.840900476922702,2.757475797787488,-0.7325356516941407,80.29646893062576,Cloudy
67.57204630120205,0.0006993275245696928,3.2013477706602647,2.06731838156737,-0.3213141555532001,86.66894996477012,Cloudy
30.23294453874593,1.6239192796478004,6.701329578683248,2.3556229981931915,0.38209859156006903,85.70454265987028,Cloudy
43.916641282962985,3.8119511130313146,-0.942281941727197,2.794673417989653,0.9989208487719378,89.71632991290512,Cloudy
65.16995764424297,0.7438320740032762,-0.8550222554251299,3.246857448404189,0.8989228852606421,91.73390042213603,Cloudy
42.096340991093854,1.0664816738948315,1.5023314388990086,2.3982329050216786,1.0,97.58631828671973,Cloudy
25.126456598206445,1.8834650578038339,3.9084974834458577,2.7334119407090363,1.0,90.28251693182906,Cloudy
47.75528831685588,3.234805383014024,2.6929642025110887,3.669020902708376,1.0,71.78978413991757,Cloudy
42.3449164694597,1.2097082244830708,4.498709000284965,4.195589651748159,0.0664934099706046,86.55348076547394,Cloudy
59.55911301755568,2.181743453178142,0.3500555952238713,1.0,1.0,96.24370045978762,Cloudy
55.13392562105174,2.2254856827832805,1.011014954982091,1.3860872667099464,1.0,78.43902084515588,Cloudy
36.56179467442243,1.5252725705305528,2.307720262469476,2.6542980736525745,-0.35011002750734566,88.20767323207373,Cloudy
52.94299812172462,3.473487954415171,-2.0950514498118498,2.2206595897583896,0.34145045730934137,84.06851283156497,Cloudy
64.31781405490233,0.0,2.128370000677603,1.1117065540175768,0.8740015488244199,80.07541900329706,Cloudy
45.99252732771239,3.402346817312395,-0.7722476036889088,4.693263881078913,0.3919579859249603,87.67736952397136,Cloudy
38.72746549613393,2.97892782724284,0.8597880068937305,3.2878299626007133,1.0,96.85580077552893,Cloudy
71.41362480834192,4.207243539439074,-2.073762574430714,2.7233953606440067,-0.3589085900040956,82.00587471027411,Cloudy
45.05405562296412,0.09926322464868509,7.07019058543096,2.0202658380671665,0.919612709882724,79.43335687727203,Cloudy
28.968159454478748,1.1341439123691028,4.6830799604718525,3.09339198232485,0.5688584789500052,84.93951848589487,Cloudy
63.0730229145778,4.548434870161053,1.082967779132078,1.1718276959729996,1.0,77.54652783256255,Cloudy
54.518779094186385,4.475970160059284,4.179249013812877,1.0,-0.20399788908745697,78.72179435947945,Cloudy
41.499651704684894,2.735599880723874,3.4905667946431707,1.9704919008853077,0.7038810938912294,76.7874545777359,Cloudy
60.82378313710022,1.7655390680087053,0.8869190544857757,2.9302284070978906,1.0,73.97562223569567,Cloudy
22.913084452341216,0.0,3.1839564679096766,1.6838439340334812,1.0,87.56514559525654,Cloudy
40.43736955034643,0.0,0.9544031345134463,4.030679900498689,0.35416103040564145,83.14446357855063,Cloudy
21.847492939524955,1.3472307190348882,4.58346533527281,2.563792175526884,-0.13776863792592986,94.30113089612534,Cloudy
45.780036617604296,3.905780808147853,-1.4205032374172823,1.054052926899122,-0.030292190715219713,72.03418657097335,Cloudy
43.81300130783485,3.6813136706532226,3.5990445696092612,5.494399650745978,-0.20079505914244977,94.97405913692836,Cloudy
25.607483124782846,1.8924161597694265,5.298789999081295,1.0,1.0,108.38123458061068,Cloudy
43.84680331130624,1.3079323580594302,2.0754532634257616,2.7397672205595027,1.0,71.07267005543613,Cloudy
23.727494630512965,1.3025294822080205,7.339665669581306,2.1644240278580487,1.0,84.76858756824183,Cloudy
54.225452487451484,1.6935286365302282,1.9579230572772017,2.119897722350438,0.587143752538094,78.27403471198882,Cloudy
36.837758137381684,2.5939467480547727,2.697961872912842,1.812679798638149,1.0,65.04859399230916,Cloudy
50.71156104617963,1.3372747351712397,2.6084703749396545,1.9596211817045006,0.5280761133138154,92.86805380053794,Cloudy
59.83769823276572,2.112415598156563,1.6545076115204655,3.067412652952292,0.1884602437933297,61.66597102955868,Cloudy
39.652739249987086,2.4260376599052136,-0.5755664285061606,6.0,-0.08040719339415747,90.6528273099534,Cloudy
41.07864634978368,1.8330379291757977,2.8654238469730346,1.0,1.0,70.01042480819072,Cloudy
42.163102083198424,5.410686278911921,-2.443859633338487,1.963204372301544,0.6020947933641602,71.75505165825058,Cloudy
44.114236836851816,1.4695030503349118,4.292348979553484,4.023502763932376,0.5790570125228631,95.45230914129814,Cloudy
53.997350997739645,2.7117594210383307,2.3548142971458423,4.178376811431359,0.24230866462141265,72.63972400445894,Cloudy
36.98676406291385,3.0796578389432265,4.275099006147775,2.377639122479942,1.0,68.37756539765384,Cloudy
54.150745433893206,1.646496187836814,-0.25249746240619153,4.492860034657777,-0.673608953356518,89.93592281854328,Cloudy
30.8116281181867,2.402909082630581,4.285986919660035,3.6326166946624454,-0.1311108389769281,70.17802998353955,Cloudy
38.00106109676216,1.578654211108745,3.89327494516304,2.857978538983189,0.9738845049042455,71.70562468425037,Cloudy
38.07778286358847,0.7884021428473056,2.87883039924344,3.557345345241312,0.7670846481259203,71.81080351491377,Cloudy
44.73611986507895,5.178925614050529,1.7529380677150188,1.0,0.5551278749054926,80.88144291617907,Cloudy
50.23056647921222,1.1041966928606302,1.504529592704999,1.0,-0.14221086261811078,105.57948924355654,Cloudy
61.84669425100561,0.0,0.7096218578152049,3.859832414179399,0.9886744273126615,76.56230754674594,Cloudy
58.0014355098306,3.9871649654040398,1.4260082485034222,2.896019780070311,1.0,75.15368895503514,Cloudy
41.95428582290269,2.189962974730308,3.5839221374941204,2.0062721503847945,0.26350734879879234,79.1867074165465,Cloudy
34.228908136149414,3.9269460064411983,-0.4051398975026981,3.7414466652233944,-0.03786744557182531,85.99584899766118,Cloudy
46.445018777585915,4.167591773138263,0.7862489112127906,3.326074504567493,0.7991521634902683,86.65160323017592,Cloudy
31.662672239768153,2.8595617353995886,1.17453996960979,1.0,-0.4649996535054436,66.50016579315422,Cloudy
47.104417975677976,2.516862767608969,2.2994350854014396,3.1885251525541003,1.0,89.43142114649909,Cloudy
35.35120846816862,0.7463303916747939,3.8022104493066697,5.238397324319172,0.39334287721766636,95.56235250944965,Sunny
49.53817956500106,3.391657151365167,8.382422573572594,3.2276881738695833,1.0,77.65191055394536,Sunny
53.84554345340985,2.7481518831174485,3.6731794690951514,2.8425349342282304,-0.053777663695334765,73.7401205265478,Sunny
57.726713985173944,2.7805360556098506,5.4778085998785935,1.0,1.0,88.44357797867552,Sunny
47.16813316065527,2.67541701041658,6.411766297656547,6.0,0.6687917079823297,88.89661293723054,Sunny
56.038562215009506,3.641315932890536,6.457359661126947,1.467219893748227,1.0,78.57581524774022,Sunny
63.33017692577134,4.905841925145332,7.36567048464541,6.0,1.0,65.76051352780647,Sunny
39.42719809564359,1.6905845561949326,7.136879214109426,1.9585118241591164,-0.41882980151991,76.9171153406547,Sunny
26.238564672731716,0.2274886372615983,5.538372127254243,1.1225127488453484,0.9274390413171907,98.09688289545144,Sunny
36.05982359531488,1.295331099658573,7.424733268410858,3.203717426756709,1.0,90.10842573828052,Sunny
48.446593214750436,3.2824854543453776,8.262499389042485,4.684228583794753,1.0,77.05023188413008,Sunny
43.40698922849192,2.0304955413500343,4.050019711115848,5.593462650545286,-0.053098209683409725,75.81141996133525,Sunny
40.60084798904953,2.2298059538770874,6.72168394565422,4.321325722907591,-0.07459406087767695,74.66830173353907,Sunny
35.87095586154539,0.7686553859643368,5.246808921760236,4.233094804801844,0.41524725868595525,79.3783676173407,Sunny
41.33796907793082,1.2376564614811585,2.757197230860017,1.8741478252481432,-0.12374486304199872,87.34116131328022,Sunny
40.15089429639972,1.7221027935460347,2.585402794259642,2.7662682241007186,0.11128707831184959,106.15730076231756,Sunny
40.49726319753244,1.7082493590799683,7.40936165638753,3.9859163818069048,-0.39110463225087455,88.11104438945239,Sunny
58.478410297159186,3.5598225122798435,3.902963851761517,1.9623665695676928,0.2003538142130053,104.12929704197404,Sunny
41.02242825482014,1.4885858928964208,2.237763509966239,4.962273424784756,0.8593728939207886,96.1919765460351,Sunny
43.69102002699622,1.510510004372276,5.783134412385544,1.0,1.0,93.00938571155794,Sunny
57.98127696438249,4.779888976295528,6.042051487258098,1.922703219881279,-0.722729869518293,90.95033023585395,Sunny
65.43274817105274,4.421755981759011,7.192673471945257,3.4304222264485187,0.5487096054971352,85.63986061961562,Sunny
38.07164902699323,1.1714228475931732,6.836749087074472,3.1495698953528155,1.0,99.82662873370396,Sunny
44.97968028968035,2.212474399227665,4.930446093436263,2.3188821234825654,1.0,80.40761716946787,Sunny
13.982872561039024,0.0,2.38284805653179,1.9124350261779286,0.40834606928383765,91.28545608937645,Sunny
41.83854841528029,1.912131848661808,7.631488016256723,3.73361724098262,0.5837577051828673,74.36756855019543,Sunny
57.57370303867861,2.5589977969768887,5.280234031165603,4.429789281499657,0.34318369072634874,84.38128339168789,Sunny
25.247774976220676,0.0,3.257241796542126,1.7359593745365656,1.0,80.51671751302109,Sunny
26.953224742086157,0.26977171672929323,4.796210613264814,1.0,1.0,84.33189427099778,Sunny
26.411742755770327,0.4122812771284208,3.005295947947171,4.2396732025682535,1.0,67.17161913458412,Sunny
57.251517972963725,3.9392052176609185,7.629413988245247,2.564951582615688,1.0,89.81800764587821,Sunny
48.24557872872039,2.855985385426629,7.1468894287020115,3.7276464042387567,1.0,97.33416745015457,Sunny
72.2024071638742,6.969960832973343,12.086831334211164,3.0388050656179475,1.0,92.61025338417494,Sunny
50.18848951399243,2.3631049483851685,5.589150906859869,3.3585961699063946,0.6119323254083483,92.6505108156961,Sunny
41.435941689080344,1.1798680838923343,4.42059592268817,3.5551108229757746,-0.12948454652782193,71.96183624534372,Sunny
32.48028887545097,0.17896473709057714,5.556790775798938,2.927883243772818,0.5479526744724126,99.15366470517202,Sunny
48.7485159396847,2.436164134429287,4.634713804474211,2.9648173998653156,0.5840441671566358,80.82682724708799,Sunny
43.36117344699824,2.2124483194342455,3.3002196246029234,3.2888383818708666,0.9249511894537992,95.86305955480861,Sunny
55.66042872270678,3.172984207631265,7.245991703324856,2.2310300337265643,1.0,94.03736460010221,Sunny
56.47448740473017,3.7490035415994907,10.206287128847435,1.0,0.8405433131277458,75.6622957293327,Sunny
38.32846691852832,1.4139189168726776,2.9670443407978064,2.1511577910610677,0.387294353608974,81.62397046137202,Sunny
14.79500756846771,0.0,1.6492199417501983,1.6540268658756263,0.7366364425960429,90.17775810005577,Sunny
44.38432766333198,2.5413201170689588,6.137905701697979,2.5330884461648444,-0.2734853742879224,80.19486577408881,Sunny
50.07414856745838,2.7465652877616433,5.5997380982481095,5.4155738475072255,1.0,79.53233547396617,Sunny
49.284532087644834,2.280922336916822,4.948853844688815,1.3442871916155588,0.7856662487662662,86.80369117200652,Sunny
29.836405218474322,0.8951464595436001,9.113204814755239,6.0,-0.6543421958977534,89.00889531228405,Sunny
56.0589102254818,3.4016997155946003,6.623789535839992,4.477243825796064,1.0,70.69709794915482,Sunny
54.368116308681614,2.7421856563912623,4.921443818002242,3.645081651364654,0.6898182870446345,88.2342217772295,Sunny
39.09341637416749,1.1824798645134904,8.3284780493277,3.606851341208952,0.04368091198067803,89.78831412053964,Sunny
47.46137487139289,2.8431444063986353,9.869492033492293,1.6640770905898055,-0.5996324328887946,78.82042872853194,Sunny
56.0180362798583,3.5239182775699214,7.897865338940258,3.2827946387773834,1.0,80.68607909480338,Sunny
59.33166384700957,5.6324882552488695,1.34424997175502,5.168876247765851,-0.08505010773423438,78.26614071286737,Stormy
59.002657474346435,7.2586933497461,1.0073484717438617,1.0,0.5197306070189149,84.05801824114755,Stormy
44.16320818625812,7.5627094604051,0.2037957994568247,4.13477361311778,0.2524033967076901,85.91849630762073,Stormy
68.88662669232987,8.795265178240225,-2.9108212792994275,1.0439760962643825,0.36772963254836777,101.21281999474566,Stormy
48.35187104877722,7.232050352457087,0.4909971916583986,1.3209685149599832,0.5721816343612003,92.87346253067203,Stormy
63.68872403865781,7.954444586824073,-0.6441175900912839,3.853292034528141,0.38709564485113657,78.96758818774578,Stormy
58.68029908047065,7.747676739222518,-0.6057169572633887,1.0021867579507497,1.0,67.87342594377148,Stormy
54.842305242980615,6.399805883166478,0.21885020092320495,2.320445429572644,-0.41510217817050343,78.03653847610043,Stormy
32.856839710867305,7.241742283978162,2.8732178976203033,1.0,0.43455714764883546,91.5305826559783,Stormy
43.170956827674466,7.323328759468277,1.8938298197984267,1.8730074944505848,0.4609421791906483,84.97092699519246,Stormy
32.70689159110855,6.916481459795364,1.5690169787334067,2.167267473723477,1.0,74.24917924264506,Stormy
63.015044652519414,6.381747968504769,-1.3005859858200637,1.9710284771793325,1.0,85.68136301138497,Stormy
37.04911241225294,7.167066451520904,3.5210942749522864,2.6148450320959413,1.0,62.58633132591184,Stormy
63.69334092318285,9.577612212756637,-1.6529608750672509,3.348406270983642,1.0,71.73668858734135,Stormy
50.055151577610495,8.734708933887259,1.7548783946034536,6.0,0.8801168102486527,88.64092965249812,Stormy
55.38798903617242,3.2217480450087326,1.6384844906839797,3.7507630741382765,0.6823916319480768,107.07836124791373,Stormy
44.3646940583199,8.559744176545548,1.0157160561697216,1.105769700920595,-0.1131160257957029,90.49186224872058,Stormy
45.82143873046033,7.938908024552886,0.3735899771411981,3.8881482313412254,-0.24500700418862953,95.81069308247433,Stormy
70.39692479975342,8.827129204003626,-2.0164292079613073,1.1719306177924484,0.08581653199757078,79.84941228329122,Stormy
38.9507426212099,5.130301909245649,2.042926345897546,3.113740577125735,0.4429082374176436,87.67832244215828,Stormy
46.777389840444016,2.8294781442308383,0.9610498118446507,3.946509887030533,1.0,74.92506882469337,Stormy
41.738049336701145,6.4464677880093735,3.6533031870459167,2.072729485389262,1.0,91.20613481111816,Stormy
49.65554999638417,4.663599882841013,1.518753833579642,4.056349949813687,-0.32858749461215064,49.92525382219978,Stormy
69.2904750355641,7.142395586558386,-2.17273258128259,3.5600933525432534,1.0,64.38110250305635,Stormy
33.14546538691552,6.871336819751802,3.2714347092900447,3.436392708533071,0.7123827023286361,63.80699143530968,Stormy
34.2679342818782,7.131919306011145,3.2333266321737453,4.868252977573342,0.7819127311102761,77.07930211754898,Stormy
39.482727551778254,5.616059071347195,2.8215513688748626,3.8006695384259244,0.4080158654119006,94.4947359898058,Stormy
58.828655551939505,7.246111730572476,-0.9390309780333777,5.628652795663109,0.37980988946880256,91.0977613744446,Stormy
27.530362062534117,6.753637724734302,4.904941272472151,5.674049971926057,-0.432173765335072,85.19786411742669,Stormy
53.919046018779405,5.113299108843156,0.6919549837938703,1.4023831270684641,1.0,73.61624368679486,Stormy
26.56857084861384,3.488033566735453,5.854035718564877,3.50474073822763,0.20961335700223177,87.69190754954664,Stormy
46.0927476039709,7.294692376396014,3.1349384918782404,2.2792416358054,-1.1549898839552362,67.43885320671613,Stormy
58.68938880940775,10.175957371884843,-0.5312901857844414,4.760405460356082,1.0,81.0890717442104,Stormy
47.59121772599359,5.090399464917802,2.3683148081276952,3.3440139601825356,-0.31255954029049804,74.49842694511597,Stormy
49.73637665839162,6.081613472166971,2.2367675653558567,1.0,0.29297613511366183,101.8102388772275,Stormy
47.32236983548454,4.2275697629879,0.8314786079630139,1.0756859988885887,1.0,89.59456814726863,Stormy
19.940248394933946,6.093870726407347,5.248914634419544,3.822986817339044,-0.7739247569655131,72.70383460668117,Stormy
53.33510165734149,5.910030583956029,-1.5329681608421648,4.4999704504551135,-0.8722803621868599,82.88373309052415,Stormy
40.072116463872376,3.154860020025495,1.6227882374213647,2.3789760587081408,0.48002307000446204,92.84506890179067,Stormy
56.978258682471825,4.460569565478407,1.5024991408797175,2.126561415851365,1.0,93.16117602107799,Stormy
46.469478268611894,5.259941454202281,3.0365442428818303,1.0,0.6225459920093735,80.22766663486125,Stormy
48.496154305027424,7.924869847539435,-0.7168408475253543,2.9587681939718036,-0.04828177961190672,83.4174205927571,Stormy
43.883514130212895,9.405155549174204,1.773823130272655,4.949086180457973,0.6743632245441252,72.70284270350528,Stormy
54.50226614847031,3.205742074480668,2.087485021241046,3.1412547511732587,1.0,68.72243626586553,Stormy
29.355640569991458,3.9228558037107186,4.170350725237547,2.163728204236013,0.19879258501581581,92.2899681950771,Stormy
57.490502611713865,8.257545764339383,-2.504994259312337,2.4632400379667025,0.4399881948558093,89.40568687900327,Stormy
40.710084800627016,5.158500758947983,2.704055028225939,3.935600571453695,0.31139729250633713,105.60333926777211,Stormy
33.69636787010337,4.229189025389763,3.8404467829457465,3.8035686435422815,1.0,82.79658355206776,Stormy
39.11990796135912,4.099503342174352,3.3747485595710973,2.509321892494217,-0.2958172649329446,63.00552476651161,Stormy
34.35006113624544,4.185283671980685,4.408229072968748,4.8464273200350885,0.5732604521250135,74.47629294439221,Stormy
51.97745973922904,3.8397679103055515,1.898181677974883,2.5696476010933145,1.0,86.22799150919498,Stormy
50.86373421310225,4.952963279508284,3.745136080100816,4.709413053143143,-0.6089313811998284,84.77712621889174,Stormy
49.84400770334033,1.2524190802256756,3.0170083573601696,2.629176524962032,1.0,90.1586853212628,Stormy
38.99476050112017,4.795673239660374,3.6136119937189166,4.029115575135488,1.0,91.45258092712704,Stormy
36.858696739431565,2.122614747316015,3.799032576768422,1.0,1.0,91.55419977311172,Stormy
55.941056848353455,2.285419490402746,2.588210951929157,2.82245015522047,0.9733154660559462,101.7538194287571,Stormy
26.095318639799338,8.230845765690734,3.0630564880717515,4.241325110130761,0.5647365923787271,91.06091556357113,Stormy
48.640070652461,5.935442199869312,0.9947763373417056,1.8309491974647405,1.0,84.88578178130584,Stormy
42.435757068599386,7.026791244766656,1.554653260436564,3.6146404585636063,-0.836161929670313,70.17616839241364,Stormy
29.07733306616375,2.6907646954432654,5.158980382499127,6.0,0.42927772726623253,83.78578842483076,Stormy
50.289915314413705,7.317324564308009,0.679288493549107,3.828421893324827,0.4315489350101563,88.6484075892908,Stormy
42.317204254135405,7.654809906797683,2.317085232010835,1.0,0.6251158172811275,84.95120637129442,Stormy
19.232242723252888,3.0640904138781124,10.345498656684114,1.0,-0.5740944228463228,93.93274399172054,Foggy
31.246007571732587,5.318419646469579,6.130154701330155,1.727678789722186,0.015016893122182018,89.16913124057427,Foggy
58.776733329809105,7.376833698551776,6.6665485461235505,2.454373341952586,-1.1367588172333964,81.00622622312086,Foggy
47.22414420724735,4.216182281885398,6.156068867493477,2.5044029282222775,0.32414687043659585,96.82855195833804,Foggy
54.08210742770049,4.2883090818505165,5.203127197302923,3.597532601319009,-0.00846675896273441,110.97583449282715,Foggy
41.57592739290595,2.944033024530504,6.582536513623878,2.904076383578329,-0.6043008969677487,79.58345031210041,Foggy
64.13921232153137,7.479302228067437,3.465353133528855,1.0919325434752782,-0.09751430227272195,84.33708227057366,Foggy
76.12742968694528,9.256297479484271,2.249467252394903,1.4334050267911245,1.0,87.2829705241063,Foggy
36.00786361241057,10.129765079750744,6.262315614138602,2.282516259811089,0.2870356313808394,84.03185700501913,Foggy
52.55232932977389,6.795337883726102,5.159912465771427,2.9206460708393256,-0.019371796685716203,92.23613960294232,Foggy
36.31355544707749,6.071298038490912,4.622490518354961,1.0,0.7650397272346106,88.28685483623721,Foggy
36.33630285165998,4.340325163780655,5.098390414773771,3.4128178293230578,1.0,76.60842426193571,Foggy
50.75711426597566,10.901092424005157,3.7220629187281102,4.029831990376991,-0.9624722735986483,75.11555993843365,Foggy
39.78877972010892,7.4869648936575794,5.7666938713310785,1.0172165757134277,1.0,61.69148167039231,Foggy
32.608035325567705,7.424279362655593,6.496706616377267,4.274215450560169,0.6000084960369294,78.6495554782079,Foggy
61.77914116033017,6.156874092249084,3.0437263284552722,1.0,0.3340588220495593,107.70028198375879,Foggy
33.430064083221595,2.8704225366376384,9.683428945835141,1.0,0.09713410101884379,89.07019895398652,Foggy
47.89236888375919,6.04504560868066,6.591895393129565,3.4324224674226764,0.8144239647023912,79.4249904747355,Foggy
56.797555412627126,4.371204342812738,2.778013735980351,2.7756684999808305,-0.3563557540075202,93.85365519776393,Foggy
50.2352397489377,7.036822743215321,5.266993022088519,1.826519763943064,0.057225154195777894,91.62044700903195,Foggy
51.16789522909795,4.317225637139055,7.36720703309017,2.4412170393793056,1.0,78.52016520996737,Foggy
42.48657800084545,6.488581724758788,5.586540774755181,1.687481773266332,0.24166699087942567,79.88259440934094,Foggy
48.39466903302052,4.085421937131649,6.958010586687938,2.1579855984155585,0.8118267847950642,86.51879438576792,Foggy
54.16832093372561,5.507794020465788,3.9228322793719554,2.7084318057619856,1.0,88.48648131828817,Foggy
47.15739364565123,5.542507218407852,5.261009324915455,4.1741761219690705,0.3799626276651727,80.71536181194,Foggy
34.67274770768309,4.289514101920916,7.566915782687518,2.859682250589229,1.0,99.59968695364836,Foggy
31.355282706933785,5.928706391523502,6.713625678805714,3.3066832059669435,-0.06282329935932307,91.57651194020724,Foggy
59.98074381422474,5.713739562500049,5.775980490933382,5.105219793090984,1.0,91.51696344247644,Foggy
64.7600200588115,7.891354133840128,4.634985060061226,1.2189708510673587,-0.24196991760556197,78.84172947531523,Foggy
45.33306079890338,6.8283000587470255,5.963049659529386,4.698196973310242,0.23670281341310317,90.20056820091747,Foggy
29.50331983890239,8.479302561039395,6.492943084107002,1.0,1.0,89.66438329344629,Foggy
43.322639679418145,2.965441030946602,5.626020354228678,1.8673282446504431,0.4028895671174557,79.85069230324416,Foggy
64.43437467341185,6.87660809175135,6.352656107035795,3.2764589613997694,0.25810242562404706,76.34041220696619,Foggy
43.245982997136764,3.0377539028809717,6.496664403453519,2.5369492698561062,0.04398966314166963,88.09653985204888,Foggy
42.447973517223005,6.301586816014016,6.605009790161647,2.3436193280899777,-0.06384142831229234,76.52744128107008,Foggy
44.49491252045569,4.638461225674779,5.834906256515028,2.164391530769473,0.5068562097469556,82.87640415891345,Foggy
24.323239425727763,5.341652935937809,6.292348839622273,1.3198199534729271,0.19626606256970613,83.50762292443643,Foggy
22.547386890245626,8.13553009091325,5.5006293553028645,4.020013646220754,1.0,85.86195919901594,Foggy
31.284498887297776,3.503168884445343,7.745405521340265,4.8385154202969805,1.0,90.00501283681918,Foggy
33.79662586703775,6.127270115146014,7.173080415223082,5.833926493439696,-0.5915422160692078,87.45832704502263,Foggy
56.39346043685723,8.627952217828348,4.038513968221084,2.600776126500673,0.2622247946585582,75.87528283861722,Foggy
56.07915406111854,5.072855689387076,5.856380762170077,1.5860721617794347,0.7806786415490853,76.78556623683082,Foggy
31.08828452614364,8.835914458642087,7.809258506968066,2.8765469738580665,-0.12022075207046534,107.45477457617747,Foggy
41.72763514998589,3.1390221559981026,6.535444898765254,3.22541156945002,-0.20438905722216538,67.99846780640308,Foggy
26.032795684501178,7.090552950634891,8.696505427273408,1.0,-0.19867876580791477,92.17024165187942,Foggy
65.10387383533558,8.242411636032344,1.305196272670056,1.9318629032881398,0.12562512793694858,94.1297639742598,Foggy
37.99425770783118,6.682927527373289,5.75597790856248,2.4214224372436526,0.6853950004926121,81.81909576098536,Foggy
45.204199012527305,5.707121829995312,6.946442685330084,3.7656377822388154,0.5591820523731733,76.51226922662558,Foggy
43.57613356705434,5.328663323717998,6.031699242049685,2.07900692260609,1.0,91.13883698667661,Foggy
48.53570801306259,6.687186981032172,7.216589073531898,3.841746146908956,1.0,78.71458036953851,Foggy
53.14607331285823,6.066219480402786,5.353451579231307,4.224658017698668,-0.8508419479891484,87.38776472513493,Foggy
29.10762633344296,4.890721366579146,6.641903527196607,2.181995125580705,0.5522728989780539,79.36132599400268,Foggy
37.676466170299506,4.3914346427164705,6.652955370367344,5.690150455601023,0.6367200108989732,95.69557495661677,Foggy
32.542291236216755,3.8328513666757655,7.326823628942542,2.217384601632848,0.7973708912690362,82.32925949610903,Foggy
40.86221744792484,4.853159184793872,7.114898724629218,1.8667088101405827,0.46451871676095746,91.07672438840329,Foggy
55.184032894352434,6.4456907022697365,3.8681549888718085,5.342739682215104,0.7215592554399457,72.79908313405372,Foggy
63.06755888853131,5.0426394740430425,3.878784305064415,4.782913155197355,0.2950859953374281,92.0637433302068,Foggy
51.48461124293138,7.332904166727095,4.20647588069942,1.425385275981688,0.7133658059737542,89.28025930297034,Foggy
38.97651470765098,6.630980392217516,6.269064595446294,3.1284755972375247,1.0,76.77017189082586,Foggy
51.746043010449235,7.2256624760356996,3.4829172607082195,4.955542144926586,-0.40616687927597994,101.36377956238407,Foggy
50.897788978466664,4.842925090876856,4.448445587629161,4.786612666107883,1.0,70.20354158920257,Foggy
25.834535747630746,8.126738860096618,5.900519958904398,3.951846096701929,0.1896966159259682,79.82803404192057,Foggy
41.27888171385859,5.193223827284184,-0.5324176439134956,3.143070868863772,1.0,82.27148316652097,Cloudy
50.169408602707065,4.243502412900696,0.03574309519213337,1.0,-0.24454504647144737,89.78976045088862,Cloudy
55.3633554882662,3.400076720717406,0.9520362027646954,1.941936285627643,0.30954334437755293,102.43702940609256,Cloudy
49.93247614954009,4.421252500312418,-0.6747965127475695,2.7167221367025927,0.3852031693151237,71.64214271633978,Cloudy
47.0993406430479,4.467606853962772,0.016296691765377513,1.0,-0.2653381708849023,86.41676414294774,Cloudy
56.58031842766687,3.218992256474099,1.1810920898585566,5.405517246170848,0.000731065290745847,85.75698738032425,Cloudy
75.06982326986095,0.6061610311266898,4.371611466754125,3.758851548156581,-0.5227312386769777,81.20750448287008,Cloudy
62.063743483753385,2.615528729334012,1.8510830986375266,1.4516927795906922,0.6627588196541885,76.24294597550632,Cloudy
72.45360570141514,1.3236938956230389,2.864349100296403,1.7972585416231637,-1.0560605112340324,83.40446603550757,Cloudy
61.98523419463318,2.5391738865982343,1.8696429405064627,3.14819277972808,1.0,82.67017695864321,Cloudy
46.4083673673809,4.548249493359485,-0.019023013085581297,5.312351755814135,-0.6392015368478826,78.36359367847366,Cloudy
52.973235538707556,3.9372424696146733,0.1501154357726575,1.0,1.0,98.95799719520123,Cloudy
64.21552894931374,2.1753053521989663,2.5594987960791244,3.297506603064993,1.0,95.07609321308777,Cloudy
85.0721265565613,0.0,4.082816727482816,1.158935053568704,0.0894182331653639,81.30605000728455,Cloudy
84.10378391027871,0.0,3.8638219650159,2.067338610568068,-0.6107814490323785,71.52349618125817,Cloudy
22.27604350332078,7.732875618761337,-3.115852073680524,6.0,1.0,83.59140182143615,Cloudy
64.01478796644285,2.1778628741278387,2.200209845984915,3.082954474988648,-1.471974051854199,68.8368081441627,Cloudy
69.89528478422996,1.517248601191361,3.009374359339117,1.0,0.18478798336608881,86.11306635371047,Cloudy
68.88939218317353,1.8276376202021591,2.0754221870738125,4.748456393719581,-0.20493401452761317,81.24030321951702,Cloudy
67.33149150897864,1.3407697032180312,4.0403105687757614,1.0,0.24389381711512287,67.63837765032346,Cloudy
63.37511833334241,2.5317506311027156,1.396930750733436,4.368086716783883,0.819402998713184,82.20301631641108,Cloudy
60.343376178376104,2.8636201806301926,1.7511569609561595,1.9530134027909063,0.6757915034110076,83.07244053619861,Cloudy
45.4640456711496,5.038257981740225,-1.516989617315092,1.3152206711684555,-0.07554270139132158,90.54268006359554,Cloudy
61.57789004274869,2.726287936668239,1.44877452152368,1.993465712971096,-0.7596769059701324,89.34809410927643,Cloudy
58.35630116491814,2.7046183227178693,2.1589814493174355,5.485148978519437,0.8115082874024279,74.07125879235662,Cloudy
74.48740056155245,1.246470713745428,2.485095869354094,2.0897145547873914,1.0,91.1537124353016,Cloudy
46.60973629954968,4.317771842929219,0.6972913845874706,3.3692559404701163,0.7199259458208126,90.28727569433902,Cloudy
64.0435697252216,2.580490115392216,1.1365844619819319,3.581562036436101,-0.17240247102036055,62.37973275537431,Cloudy
44.93041736064497,4.996831616227868,-0.9018078118404196,2.974893253570853,0.9170452001305257,98.23869201872901,Cloudy
88.47838149826424,0.0,4.732563717303023,1.8643553428810204,0.15630602701453006,71.07600005437014,Cloudy
75.30110701393968,0.5409135829302048,4.520964675944152,1.4051483795754138,1.0,110.18410840140493,Stormy
58.37000693031847,3.295953704785539,0.6684791793317064,3.1759946655721527,1.0,95.63809497345865,Cloudy
77.63398965502083,0.6188507146123281,3.383199839483749,1.8773392914275013,0.8908978164090184,98.6721853965607,Cloudy
59.59338500848164,3.149255647480725,0.7864817867850986,1.0,1.0,101.10069452631807,Cloudy
58.082026613233275,2.981385366778783,1.5074204047876023,5.128728080523185,1.0,78.70520226293213,Cloudy
81.48344477854062,0.1435778150462168,4.050983095334677,4.313120852323362,-1.2201183698048617,72.82683318701659,Cloudy
58.916691144888986,2.9481086242345573,1.242106274477115,3.6639019211998956,0.7403798567899488,87.30662713811977,Cloudy
64.23207432830007,2.3265118741018327,1.8969153549254325,3.1320952011192134,0.8807742053331638,73.13935021912667,Cloudy
79.79353809093286,0.0,4.9485208928579185,5.109081578971482,0.6065650175654614,79.74391374115842,Cloudy
77.74301973894565,0.6429167042901298,3.2831517817397766,3.2423632483769276,0.31819324018449024,88.57078203219781,Cloudy
67.75488888357323,1.9563503031087204,2.1677150525328894,1.5782749685811388,-0.10294928582954788,65.4073237117698,Cloudy
64.17256301409257,2.706781972314108,0.5150552221823022,1.056704326789637,0.06474147561049104,77.5212351365062,Cloudy
60.761755923780484,2.426497289753481,2.545320023044071,5.729573826420462,0.8483650755939515,81.7994649392033,Cloudy
74.18311325284256,0.9050481467268989,3.732466423016791,4.19474198148447,1.0,90.37255477238087,Cloudy
67.90958877549161,1.9221559486236037,1.935711497007862,1.2683971448639149,0.045200697210133645,92.93720739592924,Cloudy
75.07882277153037,1.2130300267859124,2.3861029693896523,1.0,-0.12509782331260133,69.43919480186375,Cloudy
67.79097514995132,1.7805590203186723,2.5453479110449284,1.9898918062065076,-0.3866826218168463,78.46913755394094,Cloudy
72.8282731931894,1.3790116001913146,2.710140274193243,3.409758311397801,-0.7681374476293722,109.57081113328425,Cloudy
62.86278249247974,2.5579389316803076,1.548962157320751,3.613255429282273,0.25481138623209565,96.62451168171212,Cloudy
66.56110378688068,2.3413395526657705,1.6011817216929756,3.662561262574686,0.849114297603518,86.20041933685324,Cloudy
69.45508521925214,1.929541265087884,1.8929037543874068,2.98372622718452,0.2923353120908877,84.09667837250527,Cloudy
61.90270169689336,2.6280720849161416,1.764141401409765,3.7363145527313915,0.7597512093565034,91.51691952412855,Cloudy
69.17891070790704,1.8699262901694178,1.9341080136575641,2.9588621735773413,1.0,92.90557691545035,Cloudy
64.8920818672561,2.316847356437881,2.0254266243374413,2.456380439321666,-0.0032936823988172215,97.16565810585271,Cloudy
66.8802051192087,1.9195904539870692,2.319562681846675,2.59708754984548,0.965256156299608,83.750737853017,Cloudy
71.65144391255235,1.403760589690453,2.7212448666195357,1.3760141815715574,-0.2793685139289209,85.17263228171664,Cloudy
79.37982986870131,0.5293658641062895,3.369669588877551,1.9743988734171696,0.0804189082113822,81.13526658418985,Cloudy
76.82993249488064,0.9676436091647886,2.8457681519672513,5.537098886828782,1.0,94.19616410248645,Cloudy
60.034049771032855,2.953706018445306,1.2585759671689303,3.257933462989317,-0.8496611468163552,92.31105475173841,Cloudy
69.68713143123333,1.5900873570709537,2.839057644007865,6.0,1.0,97.8381741179878,Cloudy
62.9832321904244,2.3193795481686084,2.3480549612024304,1.0328640577457016,0.8809949876126617,88.82909877356865,Cloudy
78.69951785516845,0.3759390785777832,4.173950386832692,4.482488936728619,0.49162802505478453,90.3839217142873,Cloudy
68.00335790480028,1.9737225363823971,1.8302714111670007,1.0,-0.015272436759853014,80.95484410619416,Cloudy
49.756220780195015,3.9503911823523,0.933288345137766,3.550959301126963,1.0,71.1482483945487,Cloudy
68.84580451492242,1.8631472738447994,2.001349645538326,3.569297736084675,1.0,86.75043346098897,Cloudy
53.57793513091967,3.6893613810127777,0.9135039237329599,5.262087534084284,1.0,96.56320941201614,Cloudy
61.263952877094574,2.481911612997063,2.2341141401475557,3.477208753510845,-0.23227624806194502,79.63776752572386,Cloudy
60.58419823579704,2.673794311090906,1.8445478107530366,4.432025426974235,1.0,84.85437106614299,Cloudy
76.66470531079796,0.7180330345941233,3.4853521745388214,4.940632913370772,-1.0018619811047156,81.89354072235675,Cloudy
60.82361276419284,2.852731005292081,1.2418001225533688,3.9148524687843222,0.9932515326509088,81.69450480909224,Cloudy
71.5878904205341,1.3320882796377282,3.1576405823308877,1.7281453244501999,0.17307405366330186,85.17463437962886,Cloudy
82.35035699336349,0.0,5.943952702889298,4.5893750974637815,0.30085939012957946,76.72451656065593,Cloudy
61.947721166029204,2.5415741902402917,1.9313096561389416,3.4051024211761485,1.0,80.32296199594693,Cloudy
66.91798691592894,1.9570206440675841,2.367685314694988,1.0831794207587135,0.7312134465450809,90.44080712211563,Cloudy
82.50285994481865,0.0,4.147549843840583,2.940232186869521,1.0,88.46564680575787,Cloudy
74.26836581817756,2.7081134378313627,3.592974752579728,3.415744152010092,1.0,100.9384077427687,Sunny
72.73036925043036,0.9456591665410947,-0.8279478503220172,4.9996600830440325,1.0,85.41359434827174,Sunny
55.56872895537574,6.729236424445582,8.634026546974631,3.4962782008763815,0.8475549205580588,82.08161852733427,Sunny
66.70362799830669,1.6009118002925704,4.4804645581670695,3.831439557010713,0.21108375548230718,93.0638418345523,Sunny
57.26350689879073,3.0306322971583084,8.721696267005193,3.248292129723815,0.781314747468095,84.31658288455488,Sunny
70.2787859260897,0.6434908248908364,3.3957279071557167,1.3387126665286773,0.5099303895816638,72.02634012997973,Sunny
67.76820133590174,3.1263943976311417,5.624968569211852,3.9942132300928703,0.6878277881530214,91.08064779093607,Sunny
67.69153328882103,1.9070189643442443,4.514284269519276,4.5746729114971405,1.0,73.19549699419264,Sunny
65.56345455781137,3.4516073953432764,6.105636079173321,3.281386423696251,0.6766723590040238,91.05284699102872,Sunny
50.18403131140601,7.7103681835959925,7.98676518991943,5.202956824379195,0.5584263611223944,102.01776421438643,Sunny
71.49324796655615,1.7412724476055557,3.864688473603836,4.576575366411806,-0.888476086240977,69.66197249614284,Sunny
61.89501343557604,0.0,8.724711806836138,2.426638883804241,0.8129153479384426,92.57183571205906,Sunny
73.85314759962478,0.8059610866142686,5.593128317170968,5.040802155800616,1.0,97.02954846289911,Sunny
71.10243288097425,2.8623528126629987,3.792915723679151,1.1216749411364082,1.0,86.58893352544983,Sunny
47.37685849271335,3.5347904644752477,10.302127528991615,3.09678264658241,1.0,79.00104863456328,Sunny
67.53660905220862,3.412523772562163,3.9157564902339206,4.236599421994065,0.6782561821734922,75.3627650761171,Sunny
71.25986197819495,0.0,4.130138761415625,3.080423603372393,0.1593391306676462,84.07081092720543,Sunny
69.27274251699032,0.0,4.26218204012085,5.415393273735653,1.0,98.54594351876783,Sunny
73.44453163985892,0.0,4.566522953316453,3.9252150572546043,-0.8322948119210288,103.48067681340746,Sunny
66.45499786432823,3.2335434508458705,3.6806828295031497,3.208402178218779,0.39400597345563526,54.60362595647847,Sunny
60.000078294612564,1.4702516085775348,7.043187221805143,3.5806562155649853,-0.8659515687085612,97.72821722018486,Sunny
75.57134678579688,0.0,2.54595273558912,1.8969515353047728,0.8182683231167551,82.20079568207859,Sunny
54.60719333798056,4.455030287813246,5.730381360539649,2.199940978371685,0.5676087978252685,102.91857102133437,Sunny
49.706195976400444,4.888296093752473,9.671781325251967,1.7336004297055436,0.3608269943092239,99.09222278161558,Sunny
65.39006147712261,0.0,5.911762100255095,1.549156324180169,0.1677249686152853,76.94297196392472,Sunny
63.20774263917395,3.418486179825912,6.4094070816166795,1.6439104664193045,1.0,92.83819781473706,Sunny
76.15893048267093,0.0,2.7173358446651372,2.9155333775030106,0.4686620980819093,69.93841671810767,Sunny
66.87725852773238,2.779261598683859,6.684818782529181,1.0,-0.09667730160219412,86.50560847512475,Sunny
60.79916568481616,3.8213727754562794,5.1884331152646155,4.757527795898916,1.0,64.07977944665376,Sunny
63.02452888450503,3.565204628722639,5.723973993780291,2.8365107943112005,1.0,75.16495859179687,Sunny
65.95594821032026,1.9836912025143394,6.329741912363108,3.93338514841219,-0.7748458783461752,77.48307175655597,Sunny
65.09348905825557,2.8396769151122143,7.870785998603359,1.613596964379326,1.0,91.7894657211593,Sunny
52.54892480764235,7.445522263720729,9.500828657444302,1.0197516086401768,0.8602336596513613,91.98524289727062,Sunny
67.42747504730075,4.471363467892203,6.119167791874219,2.991355199560144,0.24819931459031236,69.80674015480992,Sunny
58.43297738609802,4.562819053640239,8.344841030453992,2.5618705619572664,0.17669767836005873,100.75613014075842,Sunny
64.71568043554126,1.0612651621329139,5.390333387202937,2.2858912424864903,0.42142589099157934,62.60005719650438,Sunny
65.76848415519063,1.5591988241127925,2.3726895209854835,4.23366602231069,-0.12409847244404337,101.71898347604794,Sunny
65.63836743593048,3.8284980447325685,2.789683803229956,2.4209447442796423,1.0,96.9855161640791,Sunny
66.24985651959568,1.401990220263873,5.897269480194207,4.629578288738993,0.39826708000489985,89.29049192273274,Sunny
64.2511573331151,5.66098620775772,4.985129330765907,3.2623201610042876,0.036292931081671975,69.03191397761032,Sunny
77.92313747285397,0.0,1.377967711259279,1.0,-0.013775040054849752,89.6375261723487,Sunny
66.64519531857017,0.9221315521679232,2.8690544622210963,1.7971896322305834,0.799144372877206,87.69366634179323,Sunny
60.84057032237242,3.222451634101838,7.321714043895549,2.240931602769626,0.932574503145554,83.74646005993166,Sunny
54.42693015182376,3.5273533322865336,6.4812977746530684,2.3583981893540615,0.586025936725907,85.16588289041428,Sunny
57.056504368765296,3.1416402168637556,7.817277632891736,1.0,1.0,64.64685153156242,Sunny
70.62466400210587,0.5056382887265882,6.551042564764862,3.522985193847637,1.0,99.27316505366349,Sunny
76.80825505071803,1.324967952091571,5.293260747294131,4.024478051959745,1.0,92.63344184113647,Sunny
53.06347549560212,2.9402312760010236,11.550344669370839,1.4196944440747963,1.0,92.37329366697224,Sunny
66.0994229066604,3.0525936856337577,9.4426557428368,1.0,0.22649103942956367,96.40860479565589,Sunny
62.281577830101014,3.1947631758030735,5.195653793847735,1.985536711903955,0.6932563469190305,69.27310145753526,Sunny
60.772084725205225,6.203650160080277,3.5351770567095517,3.4957939111316114,1.0,105.64949164953057,Stormy
66.3230499446315,5.471699510265019,0.6233122738306003,6.0,0.6511974861643315,91.9810488600326,Stormy
53.68275904725034,2.781031344780229,4.916837221072051,1.3128236000749203,0.7655030278552073,94.74931941695887,Stormy
62.54313714855261,5.608597666603275,2.1970894956694353,2.662087115568686,0.6045537110504465,72.28920687440002,Stormy
70.81792934870614,4.93090077284767,-0.8946550464063758,3.851116035792436,1.0,70.438756535347,Stormy
73.13900291733901,5.757008808793403,-1.3029593530681556,4.602912838418574,0.7136111167146119,79.11800401955446,Stormy
58.94418092900483,4.227995168136301,3.7492867473297635,5.18051493551792,0.822744029514479,107.04415870394566,Stormy
56.701026834059505,6.235450444824519,-0.39443624302556035,1.9883290125068236,0.4676381305322307,84.38636108017421,Stormy
49.38424170796446,3.686078938693485,3.746427782575873,1.0,1.0,83.47400510970814,Stormy
68.36873883732945,4.5219998847320175,1.1890604848126731,2.278283638639902,0.9154718447703085,87.43133830625553,Stormy
62.00328824122918,4.829472003529508,3.819686728939619,2.711498972866119,-0.19381186316804566,89.29420634353282,Stormy
70.73538204901638,6.484805134177042,-1.3180518651530768,3.1709761037507573,0.9886305546413914,84.32582511627082,Stormy
62.137148562704546,5.833286031347244,2.7059514081478406,1.0,0.3871973737605212,75.00558357754139,Stormy
73.5755764198737,7.938436904619497,-0.43459546145530226,1.0,0.0035695260279675622,93.42485856570242,Stormy
71.6419111691291,6.372341284796299,4.028085500314055,1.0,-0.37213649862136633,88.03009326857338,Stormy
63.78864684736032,3.4760063881904104,0.7457355411956152,1.0,0.9996763735895541,89.25883580669617,Stormy
63.06776122833788,5.283835374964696,4.272397384367087,1.0,1.0,79.38251676770112,Stormy
47.8560647928617,3.616541728447263,3.7729967018188164,1.0,1.0,74.13978525346802,Stormy
59.555918988200936,6.508992651495294,2.059083407703489,1.0,0.8928100088186207,96.09007970061934,Stormy
60.87769747124325,5.549615996287222,3.3270022736875617,2.0604061886001723,0.7655158599901011,99.0597353145633,Stormy
63.71224162899255,4.863811596254015,1.493908934141849,3.5619144006738956,1.0,69.03660434780481,Stormy
70.52146784180721,7.342694292096389,0.21610728937891022,2.5124448354209563,1.0,73.82393026888508,Stormy
70.0428010727857,7.667876265175968,1.0489942941945158,2.2168873571112453,0.2733171305997112,106.9143172557885,Stormy
52.53114681213705,4.148429792255539,4.036739534170944,2.9040749349758177,0.5325411242458629,92.20216296217542,Stormy
57.43331497192714,4.3423143130823725,2.149894154105932,1.235105220611078,-0.3712335015035083,79.96696889023278,Stormy
64.91324457395528,6.9876681915412435,0.4625638481136569,5.503012109589733,1.0,90.44391027062852,Stormy
64.32274411032158,6.2356380440613375,2.9975150059749667,3.687612497752413,0.5142581889782878,79.93803301950054,Stormy
73.52131302044427,6.653473699045775,0.6386489097964705,4.307348945748752,0.9594919338086314,85.49291924429825,Stormy
60.60502665976778,5.265648981153761,3.4808676426513427,2.464858748733223,0.5134591465884122,96.3088117286905,Stormy
59.977938508157365,5.795045354873198,2.271415492889399,3.2722125201260726,0.13110730428333162,101.11234881266405,Stormy
68.71898347418089,4.775593071224882,0.1683277151623046,1.0,1.0,72.48047741874572,Stormy
64.56071416141728,5.632573071330024,1.7643813504691686,5.088863012304406,1.0,78.59929152527118,Stormy
60.945059675724316,7.162433253998348,1.3591235918211382,3.750737770386241,1.0,71.82584476165948,Stormy
57.356546993110406,4.971260875102702,4.482303850520076,1.0,1.0,75.87374518914086,Stormy
81.1541250778966,7.814092172459667,-0.27383301596457343,2.4673887164619437,1.0,72.682109940858,Stormy
69.99361763797646,9.41659966945014,-0.5469023811049176,2.9639501584012873,1.0,74.01555328766943,Stormy
71.41002552612389,6.786650357162008,1.9134524753452293,3.2995029198489636,0.7786562003785337,84.38979606173008,Stormy
66.43098384741057,6.323258618268412,-1.3106067461875872,2.18482116982059,0.7353473669533275,82.41369312791716,Stormy
64.51551822540465,7.406149992696392,2.5156090391721913,4.192891609234633,-0.01886307494603634,99.11302287017725,Stormy
64.93545002838425,5.824589665611832,2.3144645011396134,2.6415699554819994,1.0,100.93136492855643,Stormy
48.63908925323562,3.5561210874836595,4.35507692387049,2.1870740431476756,1.0,89.2687489396823,Stormy
68.3452562481483,6.506717225144651,2.7974544941863018,3.4334727972224806,1.0,86.98616398419868,Stormy
65.29604113925265,4.904392427607274,4.383529136131653,1.2855355734930582,0.13596195369514485,86.09683526672187,Stormy
47.88810081098215,2.326419790397599,8.087886396076112,4.852731371115866,-0.08223058499177693,93.90626525720181,Stormy
70.066224874571,5.597340389357736,1.6560358016739931,5.164635201235355,-0.4408649333071121,73.56942439124919,Stormy
66.21427404439737,5.495788397218783,0.2142420280185009,4.505285972496602,0.8143847979301404,64.25372421942905,Stormy
46.92509817335531,1.8032773196244776,6.983575055095034,5.666453878756906,0.969472781846741,67.05329758287921,Stormy
61.862127362889055,5.587939476935414,2.1244820134110034,1.6673306422492784,0.6297150548878261,82.61795562801059,Stormy
57.372508609350454,5.321684322487138,4.86435313129286,3.8511740245271966,0.4675534171482361,83.28401608316788,Cloudy
71.58703152316637,7.106079981540655,-0.8683678487367521,2.209292641435228,0.2774479009315177,87.2708112860998,Stormy
61.48774977548571,6.9547963553353185,2.485128217424536,1.9243485704373702,1.0,85.27854972814823,Stormy
65.00757405732497,5.606248252374932,0.6336845786252585,1.0,1.0,91.92025408234768,Stormy
70.24262335637258,6.391282766471018,4.406454638951002,6.0,0.9765910131227089,80.18907050698616,Stormy
57.85768255175629,4.884716896980331,2.313568390239883,1.0,0.28286247881822435,90.42098612978506,Stormy
75.8151628351957,6.6918183385064935,-0.662622078244528,4.443990559455102,-0.162700500398693,71.71188779275809,Stormy
56.35125856775332,4.85527808941523,5.790076824196399,3.805906980288318,-0.574264554710452,71.56302937373282,Stormy
67.57339103280955,5.755356214787211,-1.5828018936687496,3.5943011296045673,0.7893516429581295,85.82911066419807,Stormy
64.03904954785092,7.868715860770917,1.7862469333474311,3.2484814024762274,-1.3078986961574453,81.85550101637847,Stormy
65.06234453977402,4.394013162634955,4.6701579222001515,2.336538960016185,0.8490089213605361,73.67678938679185,Stormy
57.45130756014459,4.858949356375056,6.361732481302526,2.7384387948938387,0.4052569410306798,60.78784627553148,Stormy
63.79595411531575,5.943542660648698,2.1252806594860307,1.0,1.0,89.67529300216452,Stormy
54.95409705250072,4.153772933773411,3.8828735582567417,3.9765497456071546,0.9456566727453017,82.1182230219129,Stormy
61.3240354924109,5.543262655587397,6.729004420704836,3.966819946972053,0.2500742520942988,84.51440951159232,Foggy
61.14933113176582,5.036851271330683,7.047922144654521,1.9297312249380887,-0.9777247202882823,69.78508145545385,Foggy
57.261384763903344,3.839066192626517,6.098278874393862,2.962906933288967,1.0,80.57445222910331,Foggy
49.78261748918841,4.623432519201048,3.926381895916629,3.266490310329471,0.11018674494052716,67.81944321882484,Foggy
51.0810265205756,1.4951035984241687,5.4203823875631105,2.584612958710511,0.7127094775477902,82.45607070318269,Foggy
65.33488973745503,4.719813601688504,5.6953091665203655,2.264453148801308,0.8168522239724769,86.36970735732658,Foggy
68.06305111283692,6.684895798180792,6.300233999001439,3.7818270380015986,0.8567319047938855,85.82472079217864,Foggy
55.984720320510604,6.5652230470657855,3.443358332502328,2.9596141016083304,0.28024375752991326,72.87849756284254,Foggy
71.25798812516888,7.92422462987613,4.220408855557723,4.145768517662881,0.18846798323053215,93.57179364207741,Foggy
77.74240192276869,5.328490821217642,7.679376337012148,3.382418878078744,0.6678946250506704,75.82545262292766,Foggy
70.47479474870964,8.51716249706069,5.393185580370179,1.0,1.0,72.39785276215984,Foggy
67.4454387176417,7.368923839660821,5.745845147052969,2.50766020646662,0.40388046198029437,80.40461795745853,Foggy
65.51008025867571,7.412165852158916,6.688551775947978,2.023774051268638,-0.16967792223510625,89.16815024251174,Foggy
79.32381951408323,5.536628108518242,7.946514975701506,3.3128921195518006,0.5317623744412387,85.86867801391615,Foggy
69.53592541628979,9.118688810397199,4.825681217851661,1.975436134503768,0.8382350847760166,78.5560581811395,Foggy
51.69167831437945,5.5038372194408725,3.899940801206753,4.850648173349343,1.0,88.94565716446881,Foggy
52.33307190884664,5.585519874757052,4.577486932611729,1.5443838994352177,-0.19923507745963853,87.27035264963637,Foggy
85.5283216163083,11.056233101197964,5.422567386849428,5.174621009385094,0.18275485136494213,86.5730077676396,Foggy
77.8112386935396,9.366457265701712,4.947070628497148,4.768817585045262,-0.21424112298524545,94.97373092657052,Foggy
48.298406543500334,6.538229242795353,2.2685214399023033,5.303189202258788,0.5374592664635612,75.78207850534613,Foggy
78.60803891562358,10.656758934619138,5.684831913955367,1.2333234803489743,1.0,82.0246682396121,Foggy
85.0141164337575,7.1427883728313555,8.565409986048447,4.963706955464499,1.0,92.93589515356545,Foggy
68.6934209591755,9.437288884003198,4.1968551763276825,3.4949569650025385,0.8012076112186899,90.43079179856055,Foggy
90.8058624675186,7.274706373694432,9.684432304917934,5.90297873556154,-0.13947089380322175,96.89084965654986,Foggy
61.16286688459432,2.7706120281540483,5.91175192720887,2.4878588864766282,1.0,71.2150354014539,Foggy
64.23160636617966,5.006933884480028,5.650168052092185,5.031438011118955,-0.0280404013191502,82.44667280172705,Foggy
72.99242463847335,7.555316909563066,5.864088929114593,1.0,0.4816345602176433,77.5424217307134,Foggy
58.31387317031605,1.4875197700352727,7.185352329884092,3.0145754549151,1.0,87.7547239705646,Foggy
59.854520206981476,4.88501494193777,4.8281338963202955,1.0,-1.514493400829541,83.37577230622718,Foggy
62.544189583335786,3.7092037603564396,5.843741710309083,1.0,1.0,81.65088215962943,Foggy
77.85766704666972,8.268264357930535,6.3729297868139625,3.5741153658250684,1.0,94.81738929076023,Foggy
69.00382325677717,7.341528092351623,6.074896460904524,2.7602925063154977,0.04469306878960844,99.7121420552939,Foggy
68.25516834097438,9.071696631151415,3.0287686407893757,3.312947214344861,1.0,86.70934080240147,Foggy
63.09127688659687,5.116179025144718,7.438833492700313,4.906860627699011,0.7399916235364178,82.89583937644714,Foggy
72.7082989652173,6.597151363229288,7.720216909136133,4.822119927881589,0.7209579076373649,95.6494149728621,Foggy
77.19864673720764,6.893376277858264,7.837485309134065,4.730918689494969,0.31308939506582784,97.04732562428983,Foggy
62.836311165970024,6.0759176684622895,6.461158743738676,4.326655174459196,1.0,85.32300937919761,Foggy
63.728259677567415,6.449959900256877,5.9941666753591845,3.704822641861494,0.949610259258288,98.01379560419521,Foggy
60.169860476425455,3.444343197516637,7.748227623540182,1.0,0.24960603385732522,86.57968414281737,Foggy
68.87013706565455,6.562887118514803,7.40307815364304,3.7473557369545416,1.0,94.23849039968029,Foggy
100.18719533209311,10.612810689034337,8.696472440469412,1.0,0.5607507530241909,101.56736741247542,Foggy
68.47138061457696,7.374723152145981,5.219691646483288,1.0,1.0,78.67771666377975,Foggy
66.05309246730113,7.132257367626618,4.808265994698491,2.7274356791254313,1.0,100.58048261147859,Foggy
70.06980673133253,4.745606410736297,7.86454893870315,3.727286049450871,1.0,94.53214029453633,Foggy
54.173994415214295,6.074751351730267,5.2607587018527635,3.6816857587535763,1.0,101.96955640040942,Foggy
74.27371373901771,7.465734123029886,7.391284302025606,3.6067845568701618,-1.051586540917003,97.74626984608398,Foggy
63.631643827513955,6.127259167294481,5.32407295877355,1.0,-0.7167276500234961,76.63843751601323,Foggy
52.12917179417238,4.632450545045919,4.416750984409889,1.783054272579391,1.0,99.32675641828715,Foggy
72.37907166906868,8.997648648464072,4.605312279799367,4.42265042798333,1.0,68.1431016510586,Foggy
58.83192278025902,5.8638078417162065,3.7824497019288437,1.0,0.9773776623201862,92.9109379077752,Foggy
50.346713399625514,7.1375299621761386,2.790449272923639,2.995776628147002,-0.010142860159033984,87.35445705358867,Foggy
65.79841992156132,6.070582147034279,6.738309190262671,3.300076244308071,0.7317499931640574,78.49400906946661,Foggy
45.96968865583255,2.222255741416805,4.76438556092299,2.994519815409758,1.0,95.03822944266888,Foggy
55.17614949384302,6.066244280534972,4.535161461761342,1.0,0.4764129201492498,90.25295813726646,Foggy
63.272229172922245,6.461375418695251,6.7722757467009185,4.488629768517972,-0.30443392568276695,69.98541388928584,Foggy
81.35977651481785,5.213808268698255,8.1963716171404,1.0,-0.06936631517712366,74.40584536721123,Foggy
64.30054515384737,6.845154733176548,4.88927975960595,1.0,0.5243711030347034,93.52648635615157,Foggy
66.81614297214463,5.459095903845875,4.8261449970652714,2.02247127403085,-0.21803898568175817,102.05798053721888,Foggy
57.15961976737472,3.176175309536474,6.958114423366323,1.5860104354908566,0.024378645914793218,84.73638792731273,Foggy
61.443498318950944,4.6462419749350605,4.967223599563674,3.1054905194210383,1.0,69.9647758835695,Foggy
57.19457196959689,6.288669963220311,4.494411395564546,2.7017408168676162,-0.02202480968373388,69.97110504812393,Foggy
57.287787727266235,6.116150818481913,5.205766380675464,5.839601455927195,0.6190480492200756,90.39394418005364,Foggy
