tempo,energy_level,danceability,instrumentalness,acousticness,valence,genre
48,54.038049839113555,40.9347316709011,0.6256868107788729,0.5517087735245622,41.09440659974266,House EDM
68,43.20259635001386,37.99294583177023,0.6699336140561885,0.5696765752934856,39.7212124822769,Pop
52,72.50311709678036,47.53799213563323,0.28003948456825967,0.3115047917773508,36.13551725098236,House EDM
43,70.58009306250099,77.61733584642768,0.3354318486787129,0.6882358080479126,42.340270848568096,House EDM
32,52.8282395117848,51.76292898030169,0.3802150043538886,0.1998660074520215,51.196130568888876,House EDM
45,66.5485822853807,60.71194957768073,0.2777550022889872,0.5841353401302017,70.9934928897116,House EDM
40,62.53354455767901,77.7524708042744,0.3249376723803553,0.6594325229305169,45.78070431785025,House EDM
63,78.96897964452731,60.36025428178615,0.2623233398527655,0.3840121018168462,49.49710568718284,Pop
42,59.82870624719338,56.43737994735035,0.3064784369154463,0.21241069031686494,55.29413470696536,House EDM
37,61.04630819793817,50.764785548861525,0.3740018484621075,0.3533863669210341,58.53529832328216,House EDM
39,61.403523668379464,58.468898185179036,0.26477763675264077,0.562558757107896,62.66858041496968,House EDM
55,70.37747843070304,56.94509631780588,0.35330828678025283,0.6134857122137303,49.90478677677163,Pop
46,52.80505605844758,71.79325031358167,0.6023447826979803,0.4911574016562206,44.92535309574612,Smooth Jazz
39,29.56728245685014,63.16718202752837,0.4936038273089825,0.45820937853250365,64.28260908158806,Smooth Jazz
39,68.81906336681926,47.43356297670874,0.5993444942725382,0.43636559427112753,45.463790485706824,House EDM
43,63.23940467053625,55.326494190749216,0.3500669773547248,0.5545997814378097,35.88834398042926,House EDM
48,48.09661848316929,26.704477967215865,0.3791609911508314,0.5448578149164918,55.0311577053579,House EDM
23,26.100785144953782,39.001149226141266,0.0706,0.5133737050155976,45.22785974922802,Smooth Jazz
36,56.494949774442496,53.90982472444027,0.4031279065946077,0.685777320961412,40.668272177220175,House EDM
36,33.41475737608838,52.73194702915601,0.28483752417578934,0.4864848253508514,12.003391006217221,Smooth Jazz
43,52.0446004164562,70.97053269003682,0.22460440176108804,0.3300360258655881,64.7476351885245,House EDM
50,44.07471487149788,16.468926973842457,0.7962495235355713,0.2649752897549792,46.34508801860653,Pop
37,66.54349722354206,82.54946990016121,0.23716106429986367,0.6860846585225857,57.66655298576834,House EDM
40,31.47624757276137,49.1336913987273,0.13867433341628882,0.479957291101309,53.988510179554744,Smooth Jazz
67,36.55275336246205,29.839894270629472,0.39303652623090196,0.6826202137362524,47.79369102904886,Pop
36,55.378521500273386,48.96311891227742,0.0943,0.5007601490564084,48.12755157660213,Smooth Jazz
58,47.144142346143916,24.78752575763338,0.4257635741224845,0.6392346964268809,60.85329800009552,Pop
44,39.70324865283571,60.60122212642957,0.6511765007701299,0.5008966791743242,71.27484524170163,Smooth Jazz
35,61.60119427111258,62.36685870015329,0.44474336726322117,0.5091777459409925,49.50993464483182,House EDM
44,30.628022723862355,68.33527813935201,0.3147163440702244,0.1739728856730418,32.64369674058069,Smooth Jazz
44,39.57079096829706,48.71897262395781,0.0593,0.6117518843229959,75.02787993950172,Smooth Jazz
66,34.8207999575755,38.96545508209428,0.37713958890864424,0.31762864384872425,59.71867000174596,Pop
46,34.821200130141094,50.140579828440636,0.0198,0.4628405959985096,49.74911093264198,Smooth Jazz
46,80.75407684603654,89.35560003164792,0.2305650135901562,0.3600849105677479,41.29808207848759,House EDM
23,46.56774861554523,58.403606709066636,0.5351702037420266,0.5449906185132775,72.79918941803761,House EDM
47,60.4295566790373,39.95201944115959,0.2757815723390199,0.6497512200106936,63.78585718506963,House EDM
43,35.15720855041128,49.27307799726093,0.0356,0.6151974575181915,34.87531090156027,Smooth Jazz
51,65.36716004267441,68.283344205849,0.0347,0.5909798951696337,58.90264198288667,House EDM
52,52.1939242937122,63.36466903519657,0.15236835414032707,0.4329592770617382,45.015026411422284,Smooth Jazz
34,39.40854151734977,59.11482535608363,0.3887926372632766,0.42592401449998335,53.56660268801311,Smooth Jazz
36,84.02142609835441,85.0,0.2407955896396763,0.4658898959177207,28.134198041831183,House EDM
66,61.605869044658164,50.221944794322695,0.11494368185037279,0.5420158516412943,59.087539253645346,Pop
67,57.0669902037664,36.96707849563807,0.38756097740857276,0.3590093726512903,23.431723695410472,Pop
65,63.87486522846028,51.111018930753794,0.3547463026793933,0.33312206312476134,62.59760549647558,Pop
43,41.025060032232474,42.654418829262,0.49376116210149795,0.6982568053843357,61.88598646344233,House EDM
54,70.9396666537811,57.81271939221923,0.2754846909507328,0.15807518350789196,40.99690305580441,House EDM
41,61.31869929434859,66.2923233832351,0.3441500926214939,0.5204190483723278,58.26892934327377,House EDM
25,35.705825074447986,28.714263752692837,0.5791221114999066,0.24800327720101695,66.09801692758434,House EDM
66,67.8150879520465,43.198966145152795,0.3800151583960486,0.4469557713545482,52.70326187569212,Pop
45,59.04603663976165,71.4721284362775,0.1034489819590445,0.41746841296136983,43.37599719388458,House EDM
45,67.1237939275494,65.55163532061931,0.22155899006791518,0.499107360166602,62.77832611191201,House EDM
41,70.47785812709,74.59528719115616,0.47060754144676914,0.6963653217532999,80.12549925086009,House EDM
72,58.842885785814794,53.82226659421852,0.6419842598896698,0.3212377513739916,70.10919751285373,Pop
46,67.27727257250146,62.6818223640145,0.3454471808811107,0.40139102721774356,48.376234378329364,House EDM
63,58.521973296011694,40.43098820564677,0.2962541539058028,0.49086790989509027,52.16400647621129,Pop
48,79.22651776852065,39.84911948466108,0.5300622475732852,0.6271071805914649,52.811765675520824,Pop
44,40.0229840600141,49.07943930002256,0.0976,0.6919640708162526,46.98208732441214,Smooth Jazz
61,58.98813569622767,41.33916336333841,0.3412023199188535,0.2590603003313244,37.92098092940593,House EDM
53,39.222760588399716,23.917669498162653,0.4300830311892787,0.2080650553361944,54.66034324606495,Pop
36,52.126079896884306,51.566741945332865,0.4865856042903759,0.5477511070497342,45.88473640498238,Smooth Jazz
51,65.71554372871884,32.589710960799025,0.49526138770525907,0.46822288302366805,55.56484253111408,Pop
51,48.85174436279348,78.57797396665671,0.7027871949643942,0.3756539709572043,39.23060514896082,Smooth Jazz
60,44.638430298141756,35.334597494762704,0.524483584128119,0.5138568608724634,51.753758932192454,Pop
59,70.5977089480458,59.112389294587075,0.19101371443980508,0.7006918232415382,61.76285819048158,House EDM
45,41.060348568928475,69.74184179580911,0.6827361007575355,0.4329469486714155,37.88368013055468,Smooth Jazz
46,35.76823561595466,70.17313996231579,0.6353044942193665,0.5240615487017503,52.276461788953505,Smooth Jazz
65,64.21188299396844,46.112675628734884,0.23629100164081096,0.5761281728585254,53.4362740207275,Pop
79,54.203391320076605,46.69787482303095,0.15093618424313865,0.589062763758826,45.87946201791181,Pop
50,61.14038637889882,37.77258482431495,0.43018042661232797,0.46650839334332145,50.599525098842186,Pop
31,55.272610064119036,65.83953571938524,0.3054714768713973,0.44395332617990935,58.02835417360103,House EDM
37,71.0065516075058,82.62632326613482,0.1826926111062187,0.6550375829654206,56.55539657961214,House EDM
52,42.2221664297875,23.235130252546746,0.5760422096617153,0.37337293843469666,52.490690814849934,Pop
50,37.85687295113914,64.36929773925978,0.5230628619963092,0.4987047519090745,64.30118356364298,Smooth Jazz
42,45.065073850228494,24.19367398820464,0.5372004092924296,0.4257853206910513,57.02701053529498,House EDM
73,31.888930094227987,35.945480400482715,0.4101522170361444,0.44613728650045287,32.38186405960447,Pop
61,62.46501202678651,52.239446666293155,0.39264527881429395,0.41495286670516235,42.85443608471152,Pop
63,74.07156119787822,59.774181835256414,0.3036307347900399,0.47742170812825213,56.46789876768439,Pop
45,43.416872695074275,65.63400715749835,0.35605006947800544,0.3330640061039255,61.45890443079238,Smooth Jazz
55,87.0,63.815599581106696,0.0716,0.28137376909528433,53.512359634377255,Pop
46,36.99126639014045,58.05078748781857,0.1463965299336411,0.5758157463988205,46.46848023724293,Smooth Jazz
52,44.26826975133159,7.712207009709537,0.8983906749053113,0.24008794001822342,49.96237805267172,Pop
58,36.836212801902676,16.24010657635545,0.7321023891955003,0.3945245145105518,46.032487490784646,Pop
44,67.41445218227028,72.5650576624098,0.11259207811080035,0.42059073277449915,49.08083387575405,House EDM
56,74.08254994687766,62.53626813690733,0.2899718464966351,0.46291229833515146,51.974680638567186,Pop
76,61.01933995581399,64.88132017911686,0.0083,0.21981771629576036,49.658557350547106,Pop
47,38.38163726559791,52.287410072028706,0.0403,0.4638957720201794,27.986259759580175,Smooth Jazz
47,46.20045389196516,71.73545740527133,0.6272254779393426,0.38289954996656317,49.715908900767545,Smooth Jazz
31,39.57528456035707,65.56506389743976,0.5242618587160477,0.50411142435255,47.02731041435527,Smooth Jazz
37,39.85253216117984,50.25899938872911,0.0667,0.3548793600957748,51.12541705848409,Smooth Jazz
42,30.669794124227707,55.88421884750933,0.12388793133013937,0.4229200326412155,43.508476188757214,Smooth Jazz
29,55.97542700293967,63.69458493716673,0.4720288192836148,0.4155240772033249,54.41311975317728,House EDM
39,35.988694490824805,43.901873169932834,0.0715,0.46235395156773484,33.43600682805489,Smooth Jazz
63,44.45127808932777,41.91486507653042,0.16687892056201425,0.5968920660100256,39.7835911021571,Pop
43,53.70023194552331,54.66134678189985,0.40070393729634346,0.4126150063433752,47.98618894908984,House EDM
58,37.23643740341271,64.76489154474729,0.332185516529205,0.45496205056509476,60.84203249969169,Smooth Jazz
58,73.854663303674,38.12348911247916,0.38960636311903624,0.3766063497102362,53.056050621414535,House EDM
27,52.055433167879514,73.69695880692481,0.310703204202604,0.6143049460768221,41.80298068102175,House EDM
68,79.12955465038618,61.118902959217955,0.32460033302452196,0.6455357616490426,38.339847003919786,Pop
35,56.33492502062373,94.0,0.22475918435112546,0.46101754964764957,73.89467493330098,House EDM
49,63.9873263717715,72.51352828859308,0.20081284199743932,0.6177209945275316,58.793161056173275,House EDM
40,65.54473041618778,73.74356104444566,0.33099449638500633,0.5468378873858054,57.89598017686821,House EDM
41,58.891788595478346,50.83107756800568,0.5365797305014108,0.4808202701000638,44.002126229911,Pop
51,74.06219824636267,51.1617993099905,0.0293,0.4587367651740287,54.212077885210206,Pop
51,57.773466791499914,67.3799140997802,0.24475176315240793,0.2848759377784892,63.11114481317459,House EDM
60,76.12841838440806,56.01511401454008,0.2878655944700269,0.46428559588851087,48.245056120504884,Pop
43,68.36925030687861,68.69403682240727,0.2286381766256848,0.3615160099119501,47.48663864618062,House EDM
48,60.228419287641195,23.93473249267214,0.35551300324599866,0.5706384967572158,47.13881582973349,House EDM
36,59.8856698208065,87.90300165424857,0.1583754802997384,0.5628672235425566,71.5065615586243,House EDM
53,81.49088514889957,50.607070351749954,0.3598283780406653,0.7681836480122581,51.42333578964089,Pop
43,63.51526073071784,86.47806142791052,0.0846,0.34841785452432505,52.00133492234758,House EDM
68,58.21885826844052,43.48375955347908,0.26273501883734185,0.6119828093114085,31.571689743275464,Pop
47,77.79018895469764,38.4972449928995,0.25848114206929207,0.6222276023670734,41.798904790321494,Pop
41,53.57130544670897,46.974219368443286,0.5546519423848385,0.5299737456578418,48.982177723066386,House EDM
45,25.63815024003069,57.177565933248715,0.33440267239772603,0.5457096857681776,59.711407048230285,Smooth Jazz
67,47.031554565875496,35.90807106523233,0.37571589124720806,0.6422192976368312,55.720605803829876,Pop
60,59.091711201032076,29.892012706952595,0.2470798269072627,0.4828858739619841,45.320776181507384,Pop
41,50.171414754889874,23.695654682467975,0.6851550821780453,0.43740177686028037,68.12398873263393,Pop
42,59.5156087198625,67.95844956457762,0.3187108229921871,0.6296047620527403,61.95212033183947,House EDM
65,45.93122130713248,36.2418671757825,0.32395994708827325,0.6281878763771049,57.13553695061443,Pop
38,58.44950996421625,52.889746246853946,0.3821675278196274,0.5642156517827652,60.11755200242934,House EDM
51,58.23974455103895,30.109575112750996,0.19969004112720562,0.4574359846256887,64.02025707308883,Pop
49,88.96263783783499,50.02677401232301,0.4867109425343128,0.6562920032951624,61.36410253932013,Pop
47,66.30186740110618,61.70572161056662,0.28108485099694647,0.43101564337578985,56.83961354744291,House EDM
65,63.127824228083696,39.75790491198578,0.31976542137381614,0.41678487458688923,50.33865136830667,Pop
45,30.529161456373835,52.16975948391442,0.12760391317830766,0.4849853586285686,67.37315833407615,Smooth Jazz
39,55.642948750851396,59.64879576412182,0.1333752712118042,0.44291184336670963,41.67921622455649,Smooth Jazz
33,18.30976946452584,48.87876598438416,0.36363146251665224,0.5200603350250804,54.52841084237124,Smooth Jazz
37,29.053351816302524,44.08494883428385,0.044,0.26736574386392065,41.63164999851435,Smooth Jazz
48,57.957684896001176,38.592528725197184,0.33672951164757786,0.5207836726800412,58.91037616488039,House EDM
43,52.64261699738635,52.51375809770415,0.21667835911031863,0.5069497462680644,43.607932513552235,House EDM
36,60.59935921625453,51.097612842699576,0.451208402904348,0.3707843539128758,39.717331277816555,House EDM
67,81.25975002580839,56.033784583957875,0.0305,0.24413889925451854,56.570385685900796,Pop
65,58.71709706587197,45.555195947297165,0.3136106874596899,0.6322956212898673,48.85331516616259,Pop
46,60.836236677104246,55.1608320991741,0.3646582518994955,0.7660093691826774,50.62074424476224,House EDM
23,57.99652070900176,89.46833797697181,0.3294334686265816,0.58732374153755,54.78730679534376,House EDM
59,81.50609279239578,63.42468961963958,0.2582632747904042,0.5597238847821522,47.63835742124169,House EDM
55,62.91572936053687,40.27607178511211,0.3437870261933139,0.43896874889324966,49.331702635480134,Pop
51,58.109745439572,50.27990623417345,0.22554051121529156,0.3872471015476707,48.16086359132655,House EDM
39,62.35802138097633,63.37307360870234,0.297518865404761,0.6220874685736963,51.480443989773406,House EDM
46,62.72414932205556,43.537818693843306,0.34968824116432173,0.49825950306486977,46.16945079660659,Pop
57,63.637209853383986,49.324048495905274,0.36844033709437785,0.2674101813750428,53.05256355896019,Pop
61,46.563238242044854,26.26687117760084,0.40311505610592924,0.69534178204952,45.376121266601665,Pop
44,43.08718460467466,45.269909516463734,0.2950435281117642,0.25392974558459863,46.95424211425725,House EDM
51,65.45727513785843,45.747222977543196,0.4360094210158115,0.3817048265678151,35.84752569003155,House EDM
47,32.645659956958454,60.39542183422854,0.24236768480780124,0.5871663259119378,49.38973220461489,Smooth Jazz
61,31.855806101723537,69.90010449270264,0.11521692265786648,0.5083672804868669,61.605851004375,Smooth Jazz
42,63.87502184922403,68.56576990736485,0.23627700341093644,0.5411776773979354,43.83680439125299,House EDM
44,73.8612292297913,68.01792665225848,0.20421240723756462,0.6128321176831152,41.64227504584663,House EDM
54,54.75188592254956,51.91636260461826,0.13054933658077167,0.35240905144873813,56.83294861506138,Pop
43,68.50740281213979,49.06432620226386,0.4950570204035675,0.5808250375198889,46.95377883197447,House EDM
50,27.808798523198863,43.055366427202046,0.0288,0.35149635652395816,59.32374694729144,Smooth Jazz
53,82.68152562619235,79.15961815929757,0.21117295911878597,0.6580607726121971,37.42974127358863,House EDM
37,69.07749789102603,37.573798634421145,0.7002855442206164,0.5806657684717099,60.39014219927878,Pop
40,62.645328080949085,49.456421791518956,0.39066113488525295,0.5835664846370777,44.09180913547965,House EDM
69,59.93259535484546,51.5907527941289,0.23935275195768335,0.603752963713097,53.826968559013686,Pop
57,71.84594221234262,40.468745951033945,0.3690218233648024,0.2942206561227607,36.202957937275464,Pop
47,39.8664792484667,62.65407885281708,0.3499707455883708,0.519638799349527,57.150340140539846,Smooth Jazz
39,41.19352913397641,62.34789668252273,0.37879608424010464,0.5378126742652811,27.379881042354334,Smooth Jazz
58,62.77436920060104,36.41389164189222,0.47150294852583263,0.3892302131378381,45.3096207344106,Pop
47,23.96712804325526,73.22115090447404,0.6804578320355085,0.6799883216586925,52.06941093603543,Smooth Jazz
46,36.959869634939,69.80021465991373,0.6023669030907376,0.5078142251717729,56.15066698482399,Smooth Jazz
64,68.25428643814224,44.20464340868702,0.19882431616142193,0.5192619150634443,50.69824807100263,Pop
43,21.940735888058434,64.5735194373504,0.5525462547772684,0.47161198433489293,48.07526678512457,Smooth Jazz
45,40.73088361677834,63.30344390391099,0.4227886076757245,0.5657642568342275,53.64925015736637,Smooth Jazz
35,52.198045749837576,47.734562018696764,0.4415173101923208,0.8606961778741449,30.971143202150323,House EDM
68,58.276297182792746,47.22017293056198,0.0819,0.44571919224110523,42.3600028311527,Pop
62,65.9932265504197,54.13286986967917,0.38759874092147606,0.7834637048356565,33.631395795252665,Pop
49,69.74050929959293,57.67348386767282,0.40710835942807844,0.3426595957075934,52.58333997897597,House EDM
54,59.22384504580087,58.681680501281676,0.3211540169761611,0.5723670570294473,61.55537066994611,House EDM
35,62.3556729771802,65.07984297655636,0.2867698423382678,0.5388988411258329,34.501462946603326,House EDM
40,32.848209479341804,51.52126104817473,0.18664380254810947,0.35345015084379006,48.19660082649394,Smooth Jazz
37,64.35361020432312,73.2859886504867,0.2355838749768207,0.40079881143001256,63.62013888752842,House EDM
51,68.30893829836901,88.0,0.0869,0.43636745511028285,78.2194352826275,House EDM
64,79.10009998975141,40.53203511322775,0.34448823884574964,0.27869814423602635,47.40283502075448,Pop
38,57.09707667644437,25.9329971314489,0.6066450302177542,0.5568238377609109,34.42615318026026,Pop
58,62.51729545003133,38.802492597198054,0.3089499454298815,0.6048634071194392,48.49458388245275,House EDM
49,59.968717614734395,30.263097478408504,0.8073327199354222,0.5679794174859435,53.83801889534438,Pop
61,74.2558733204,71.6038457410663,0.24022194913662587,0.3278662659505653,31.52499936000149,House EDM
55,65.50204748617163,30.033554957858463,0.0148,0.5010413939599766,38.12976313899621,Pop
36,74.33115258590965,80.88071564802578,0.2107136195043176,0.536908818692979,44.49520310151148,House EDM
44,63.56633025769126,45.890602282931766,0.4788619307172111,0.7088899362936821,48.31971266569991,House EDM
35,61.59844214002059,58.99069847188464,0.5427855337271165,0.31053543047183707,42.53863175677792,House EDM
59,71.67727839594696,46.58324179589977,0.40761826435929105,0.6103526865534343,56.436220019117805,Pop
37,66.63274255719269,75.24708691833635,0.37030784816749185,0.32422865719849814,54.09596752360302,House EDM
61,72.53287244947934,50.09041341698832,0.28530511670187886,0.43659875875169313,45.41387563114269,Pop
51,40.09593328518517,63.21199242901233,0.27734245347454134,0.0466,61.00624815211288,Smooth Jazz
33,63.104106425608045,87.61304309396313,0.24258690792784848,0.37775535763840573,62.709629285316026,House EDM
41,57.692818412716704,35.198834189099074,0.14276875979243775,0.6671727426856855,41.48214051402135,Pop
37,44.05866305406278,46.50272856135532,0.10097316165061171,0.3896253129822666,46.09200258685075,Smooth Jazz
56,51.12967030734844,37.69680586423075,0.5353235691927101,0.5688987552943714,49.791991124804994,Pop
63,76.9857688012977,49.89541205820259,0.0508,0.47936081508452183,42.725466075154586,Pop
40,48.48514873920833,37.458551040266386,0.5829164507016417,0.6444404727642908,57.09763820417827,House EDM
51,46.049895908437996,22.978314316987287,0.8645581425059057,0.21341891670880064,45.82965077309494,Pop
46,43.840394695239745,71.29622506000509,0.7183806879122858,0.5652845760755324,46.31858490727245,Smooth Jazz
40,39.009352800156805,32.54713591625627,0.5580680223328387,0.19218989130543207,35.292171026472346,House EDM
68,33.5407240585758,22.116601395021277,0.5728377246139443,0.6658373753225794,44.12578086807555,Pop
37,64.71103422723684,61.95381376845796,0.12994325837803028,0.5015555024217502,60.16678778176524,House EDM
52,39.6448473540407,57.89510227635476,0.2018313976174027,0.2240813640069449,59.1970988680475,Smooth Jazz
37,57.58588950704973,47.91576547727481,0.4872352981958777,0.4460391309994987,40.22398631129603,House EDM
38,43.954146720442715,67.36960515997662,0.4734234689390905,0.4655691907830189,41.31321301258687,Smooth Jazz
53,66.95617511531565,42.41140241921677,0.4992074412979965,0.599993212159111,62.712236285875576,Pop
38,24.897449824960557,48.839269957069206,0.14559430746742413,0.46965185104149515,58.102908113386356,Smooth Jazz
51,59.45798697474723,72.24526287338787,0.23478804130439934,0.5385557935035838,57.04349621524841,House EDM
47,66.79466463718344,78.26802128021876,0.2839142597938962,0.5008435275500758,36.486389073112946,House EDM
50,83.94685150834633,78.52045398361653,0.17232331649960414,0.2869720778138385,49.75491405000497,House EDM
43,68.62927308323036,74.42615247399056,0.3126856603724908,0.5340798108444091,64.95825536151077,House EDM
42,52.96749305823586,33.70369051318251,0.4212371588226157,0.38753490318925227,58.163768153053056,House EDM
71,55.365139776748904,53.33753090606517,0.0813,0.30971829251273997,48.5323054777524,Pop
40,41.241576441558834,59.25728883571462,0.29638377778869307,0.510982474842481,48.62606375437575,Smooth Jazz
39,42.130274569592814,40.74320117799466,0.0463,0.4419508400721619,49.05328990834125,Smooth Jazz
34,54.06379887827092,62.15420837497847,0.28985965303738076,0.5072498315071233,49.44113701922577,House EDM
35,45.973154244201666,35.225468833981125,0.5134602689799883,0.6020614467889234,55.4926217683649,House EDM
48,34.23230426687938,57.826394468347395,0.11893196245109278,0.2661754182771239,53.14026183538262,Smooth Jazz
40,54.71378304914479,51.875799840065994,0.39778868512640797,0.6292466409256431,52.88193281565067,House EDM
44,44.84570663901774,73.09767527037323,0.7072244112133131,0.46289746534868803,26.604084506217625,Smooth Jazz
61,56.36962423849061,40.49697096057011,0.13939857732790134,0.7283872049015593,61.4714886945747,Pop
41,29.829785401874886,68.0986661526004,0.7288765812144153,0.40747232805948314,27.87738105348899,Smooth Jazz
36,55.22009202590042,66.38147727428577,0.45429743428142394,0.3541911073697503,37.5825421467311,Smooth Jazz
42,44.6631312935813,45.40569820771344,0.2218083744360108,0.7378438564021865,53.26447108488488,House EDM
48,53.59389927332525,28.28728266291848,0.5143848126845149,0.4159197457347292,49.434986261053645,House EDM
59,76.71008461205597,48.319853826554755,0.37305737697016716,0.4174698347662693,42.84447205301588,Pop
37,77.00181024267437,27.504011537166363,0.7346298971338953,0.35860374924592686,36.09137530806517,Pop
54,66.80173482067127,68.66028304303504,0.15976584089763068,0.4184278488257938,58.50412992448936,House EDM
38,59.66925232928508,71.32898579072848,0.503100321717392,0.92,63.040138760161994,House EDM
62,61.93275306215849,33.06100333045363,0.2229793815673976,0.44601554691580503,42.396074943639356,Pop
52,83.35770937028258,39.08150503666206,0.0247,0.36034500091746435,52.96964689711714,Pop
45,55.51557054092824,67.61896511870418,0.4713836132416346,0.6845521824973837,30.756417340258647,Smooth Jazz
27,61.37211584351738,70.47054605518473,0.3828125010694221,0.6145160776306857,55.03044050727893,House EDM
57,68.96059738292115,32.58275867259874,0.3767419588389673,0.36010664572729845,35.48974547942488,Pop
34,50.33007318694303,77.82610638981134,0.3955347403198182,0.6792307859916861,42.95078799645402,House EDM
42,53.31350669357031,57.835489686931446,0.3609258481809435,0.595595963110444,38.492897087260545,House EDM
41,51.39770726810345,41.691252599856284,0.5900385469315383,0.5050549666342302,45.602397359066536,House EDM
52,59.55431828784378,54.22861161876939,0.2479723720461789,0.39899500006835753,56.08034231980493,House EDM
62,61.367382312689564,39.146221246152315,0.3057649874499002,0.8733341567488263,62.04769325455599,Pop
38,58.82903920224173,53.02359089442309,0.49494913555543973,0.4206843557707909,50.28406275843318,House EDM
32,42.349459012356824,52.23158269418174,0.3056485865470461,0.3217128335096291,46.464380508743375,Smooth Jazz
68,39.364432622221216,35.21842248548614,0.16816153613670232,0.36902135559814253,71.80986591304568,Pop
76,63.386776057532934,56.216990350674585,0.0775,0.566224988098641,41.56897315459883,Pop
41,28.3441349268875,62.91057402991019,0.23658585652004732,0.30614117713712063,58.63082430213614,Smooth Jazz
75,63.3400738907546,59.10726038220543,0.20448003835311584,0.5189007860015629,52.58212030355074,Pop
64,44.92784724282292,33.07087390919096,0.0648,0.3541260820051158,55.446246143096076,Pop
35,62.76026168582244,54.867284840935994,0.20002233757563975,0.21124898302362383,47.573646324187465,Smooth Jazz
38,54.94221389443672,67.04893053062631,0.647321412690303,0.4387398590927499,38.309392238370734,Smooth Jazz
46,64.42825954504278,69.2284204182462,0.22989124692305807,0.3428778528889461,35.492317465485044,House EDM
65,44.0985982902393,51.108504178249376,0.0473,0.8476843674164263,67.2661044899254,Pop
60,55.25876619938821,27.04084128946263,0.4913226880089764,0.7215777529511406,53.11080810935234,House EDM
59,61.30090766647794,36.84963150806945,0.5407845627319421,0.39119596353404673,33.8840038426344,Pop
39,56.21033810708595,61.830559099971865,0.6592647538483596,0.4449414108430684,40.16704139460366,House EDM
18,37.18230709989081,49.18758678536115,0.25674127973658006,0.5658923060513095,48.384690132136946,Smooth Jazz
65,47.2706920943675,27.638481517591913,0.28262947182284326,0.4869352964504097,47.69901466537665,Pop
48,73.0695988290187,48.992884546555736,0.4068959879227098,0.44170458489737163,64.19438201933977,Pop
46,66.9143485775045,65.94497121738327,0.0065,0.6119323486442991,53.51074364244776,House EDM
42,15.436464442999537,57.2006819946471,0.1375433195407164,0.6251900823147222,42.64236138514955,Smooth Jazz
39,51.47905345885086,57.08222254137861,0.44805645315424353,0.5766694875279837,48.96923548899446,House EDM
40,43.393213693241826,46.01090855231105,0.0541,0.47706502869716866,60.1718798763594,Smooth Jazz
62,39.40708744869734,30.676987917240744,0.5427549963657234,0.25406986978120916,60.10723353843127,Pop
52,62.19480634794431,44.51366717072732,0.1128804670571934,0.3757425141090935,60.11718369720405,House EDM
66,61.43927014072096,45.98945724550291,0.042,0.6603703360731806,51.35802933943895,Pop
51,71.49880809848614,33.86033955909196,0.43424250622221966,0.8128455790155198,52.99126186808871,Pop
42,65.57403673919244,36.82731319304871,0.4914996441948126,0.4598169009024701,55.10593563168556,Pop
38,28.211614590101423,44.05106983830557,0.0363,0.509347802863859,60.69423895652854,Smooth Jazz
48,62.00070708735054,59.8297304080574,0.2385498232363244,0.550784727609965,30.19227732894288,Smooth Jazz
58,68.88535836058811,43.43429261895728,0.5647152469848706,0.47168632621799705,52.66918578858673,Pop
50,48.346057333298596,70.40918903587453,0.20606321632662922,0.6609537817272567,63.690679799492116,Smooth Jazz
46,35.192474047521884,69.24805537119772,0.6614096715179799,0.6032609862199595,44.408340026710846,Smooth Jazz
73,46.735181025139006,49.886227787076706,0.118784536639434,0.6323087487172085,52.35287897315946,Pop
46,66.76557930405895,68.86328537741936,0.5014789127785236,0.4583726855934633,53.91549214024046,House EDM
36,56.20549355799255,70.70917281866363,0.3519197627225126,0.4386410958984368,53.51259279154012,House EDM
39,62.452471434691056,57.77410307746966,0.36384627299074224,0.5177367180037948,43.071673735581236,House EDM
63,36.842397523234176,34.22618052576726,0.23703577156144412,0.923,56.903184020931185,Pop
31,63.1838924189991,81.71839890753598,0.324311590935027,0.39412564220492496,50.51926125253967,House EDM
53,40.94328467182254,40.90319526955986,0.45276591133543614,0.3791563201664549,67.44232039917384,Pop
53,79.89213715152519,73.58939311605928,0.3071231159032898,0.5602960742809776,57.30597921600876,House EDM
73,73.44896833305404,61.03995571010991,0.3914335913047116,0.45313027313043447,40.64631472734243,Pop
23,62.421777511691126,65.34661323065363,0.6213492016278546,0.3450469903827449,43.58395049006,House EDM
40,55.71247321022203,63.423364606673495,0.4459240883274246,0.6997340980128489,60.74913514409526,House EDM
49,43.86014350148558,64.11995161915074,0.4279231409151616,0.4466528383361764,62.63222252056375,Smooth Jazz
44,48.02185548889249,74.64296959367141,0.6506379241137097,0.20637776437135968,61.24509089923209,Smooth Jazz
58,74.95182950063231,51.318192109248564,0.2850922416864643,0.46925379937407935,55.37616001780073,Pop
46,47.916345443558484,40.958467012267775,0.4313125370158102,0.5319882738918147,40.82529228943551,Pop
40,55.18261915174485,52.40470210326548,0.40107682875353984,0.3528441376595797,57.31779599931808,House EDM
51,86.4051197765499,73.82182298889947,0.19446292931482695,0.6021004097481912,59.548137786071536,House EDM
41,36.309509323523756,49.42533118054887,0.0273,0.31021319791566687,70.15559557863179,Smooth Jazz
44,59.7565991251274,82.02199696420843,0.11978441382619825,0.6759733064381166,56.43969742958301,House EDM
59,46.00855563576194,26.828621869215272,0.48706460275606656,0.7708479273278237,38.4577087628011,Pop
40,19.857413308052216,54.34076936138637,0.44854989681649493,0.4568966280307277,45.01736974727188,Smooth Jazz
27,44.799326310745,33.902788383406424,0.4882862438314318,0.5383992646160666,55.34220197665355,House EDM
41,58.04322654437179,61.62753884199212,0.4092350669798464,0.6639023454046934,45.166509279186215,House EDM
42,60.541397527159525,58.680251793017725,0.2668934404232785,0.4911921586665942,14.453346317021222,House EDM
57,55.485602109385475,50.05101083306588,0.2864784395618848,0.5613203515184637,32.755942578508225,Pop
50,70.9009727613223,34.83280321465429,0.28539681325020694,0.38665494062924816,36.19662867426606,Pop
57,60.080372834619695,33.73828118618977,0.639179251375224,0.2797903362557441,45.3352457593079,Pop
45,54.10810196377956,49.40154579734717,0.27771010797559714,0.40015919171470415,65.18277289150832,House EDM
36,56.563499075017134,59.79272270574807,0.42036590198355483,0.6213271837474247,25.916796048600077,House EDM
68,56.10359417476796,30.524070637502888,0.6268706460365496,0.7901122840299386,57.49585913564093,Pop
51,45.76953575282645,30.20853766864427,0.49735265366469283,0.3998329146760836,44.485636794409956,Pop
62,73.45328672671451,48.47331876704458,0.26961692733083253,0.512261481570609,58.73428187870595,Pop
40,52.19685288302863,55.26117110239822,0.2822874069251813,0.3025683986127302,38.6602048206347,House EDM
58,40.661206914324104,23.257619584920683,0.28190771933456904,0.5542986583824443,38.76260124981193,Pop
64,48.86443626365568,31.481766359543478,0.48234740637967627,0.19932279781199658,59.159457205697464,Pop
42,42.633286499792746,76.03462340532275,0.7359129436193939,0.6381913492049371,51.72804919022652,Smooth Jazz
62,67.39691139034775,54.66313709708211,0.47479595130955515,0.5123937380727922,48.776281307815395,Pop
64,43.59002372636922,30.61848908884475,0.15687159999438322,0.6782401664887194,48.00887929348131,Pop
54,58.578453597165456,47.92977682816068,0.33507377595435295,0.7353172529576034,47.48298907831878,Pop
46,64.31006984170325,63.035569440456015,0.2850947712213334,0.6246746584628315,65.11895899168083,Smooth Jazz
47,60.46094377379138,75.22376400662051,0.23654196887348417,0.6725367274440363,48.750501215989225,House EDM
59,63.881420404028574,40.16300933989776,0.0284,0.38275253025881273,52.66317414367012,House EDM
70,66.8850037159198,52.23049824602775,0.4546226784910924,0.46590648570138987,46.24504986995569,Pop
42,32.88503505236946,65.40419896537132,0.6324272167637451,0.7645231184225432,40.387677033336146,Smooth Jazz
62,41.18310481444708,42.456454503157694,0.3953265889404465,0.314335690901902,68.13761936243651,Pop
37,27.89748391656484,58.57834977804584,0.27766740255380407,0.23428131053321155,50.30970486108253,Smooth Jazz
50,73.14028010660412,92.0,0.23755958137657796,0.7438155511465886,56.66318504302893,House EDM
57,72.94043263332105,45.57766243512335,0.36100368332691946,0.4104397945944157,50.19401147505133,Pop
67,71.04455167119482,55.69431117401503,0.39409829227797466,0.6222114838319028,47.152094780535705,Pop
77,54.99041063947989,58.711215217827615,0.14648247577324414,0.467249991922536,70.13984314618554,Pop
46,72.58160681175578,68.98686440017218,0.24320776350704454,0.6138473800676084,43.469456121634536,House EDM
46,59.8507607806681,62.27792714744665,0.2503296896725075,0.5051117195483514,45.921814247650815,House EDM
28,38.355079547630844,61.550028661510424,0.6954307930036026,0.3721796243850453,40.62237060781317,Smooth Jazz
50,32.14812493144167,58.76070330890384,0.28852458850198237,0.4917331534758643,53.99767620599528,Smooth Jazz
34,45.05503866863926,52.64882677953959,0.4406571878468143,0.4286889413809286,53.71656561385646,House EDM
42,52.23123008974098,58.21146274007842,0.2463039690601016,0.48517915506883474,51.44187166123928,Smooth Jazz
62,54.84846182021483,40.88632219886908,0.3636021463102972,0.456805929139809,54.393264967621626,Pop
55,54.976111671518744,51.4820070107432,0.6115016590769696,0.41980339812563205,42.54156597486499,Pop
38,46.3895505851436,55.26200905719399,0.2512051249425372,0.4042279411703333,54.311762607461674,Smooth Jazz
52,39.07299933895582,69.82583592911709,0.3485784731336099,0.378737675566985,50.54378389293968,Smooth Jazz
60,47.657092054976054,42.91062297681389,0.43034471212027664,0.8149376876273211,30.054286348593454,Pop
62,39.21403186854572,34.38049543359289,0.4325208677135333,0.36641935043811114,55.22828328712478,Pop
67,72.79559517001292,57.72810778399794,0.2526492316022689,0.38855651292278814,56.25179505793932,Pop
37,49.2531437919735,43.64677912530939,0.6345573262811068,0.3840635885818304,60.708917310580674,House EDM
53,40.88503368036234,34.328189074684886,0.251088250338523,0.43834826611528355,46.71691881260111,Pop
38,55.307503969803335,59.15624740525735,0.38677872358377313,0.31361615666492637,72.36987549794405,House EDM
40,27.652768922497152,65.25207439870837,0.3764540999854798,0.8537999246052406,54.18569465615778,Smooth Jazz
33,50.425105462889334,61.04478469164988,0.5364660491441637,0.34080243762624995,60.16902604441721,Smooth Jazz
35,53.85456786063328,67.10287182947215,0.278835984261131,0.7150406118192899,42.05350741903994,House EDM
37,43.99212134841169,57.618868851212824,0.5420326740258247,0.5509579058401348,51.68427633635365,Smooth Jazz
66,62.257363013008415,51.99233324367315,0.21308069951437408,0.49324579353840275,52.621024836201336,Pop
61,71.30773260194493,57.42962494709238,0.24308744849536695,0.14476617420609122,53.464088871922236,Pop
28,63.30365897490861,89.0,0.19553112765807584,0.7076894107390451,49.382575845795074,House EDM
65,62.61760088771193,36.527005931223215,0.0534,0.5075705203946578,57.61527296115174,Pop
36,51.11691175729942,75.39704804185297,0.3327521679198699,0.5618121582824843,45.97315306934969,House EDM
48,71.70400791347753,68.77884190345647,0.2859731522020802,0.5108693758478473,40.10592585003715,House EDM
48,79.9203976520401,51.73931375855954,0.6171171630489354,0.5313139636830175,51.921546429155796,Pop
73,47.777060038407924,50.55406768377722,0.0386,0.45614096906316814,39.51326070852694,Pop
47,57.34697729844087,47.42508762529799,0.0182,0.5182737267904975,60.34188189840993,Smooth Jazz
48,63.11562160415116,41.487340533535146,0.12744985461399166,0.3331199667122452,59.55736641592521,Pop
34,71.9312539951239,65.57346630021131,0.45695949958697774,0.42634228141167585,66.53828465525443,House EDM
47,43.79236397766883,61.87921108908935,0.3476330470786444,0.22236893514250833,50.36284055117179,Smooth Jazz
49,43.31937379960949,74.36388255570287,0.5147818748315918,0.39895653670250575,72.92137992114431,Smooth Jazz
35,34.45013704722029,47.579618938562845,0.06,0.6135434004184268,36.08712306540723,Smooth Jazz
62,82.53583255062321,63.93230381838695,0.13787114599223455,0.6763530933063773,40.747752624914966,Pop
61,87.74211544018524,67.47528482548435,0.0871,0.35517983355644317,50.88601442430938,Pop
46,73.1790037777294,83.31329445859683,0.7899362528698877,0.6071224993935328,45.15683273007208,Smooth Jazz
65,65.3988594291926,42.03166415106188,0.45045286488466935,0.604564955406981,46.201936298616374,Pop
44,58.814538346964476,62.518663987832674,0.22873859390949675,0.5314054846468449,56.334154141857994,House EDM
31,54.550142111957086,54.652234997223545,0.13044084976437992,0.7155738693921683,59.93349635353365,Smooth Jazz
37,49.447430886931755,22.537319181048346,0.6147279254642926,0.33397141493588,33.47406156989527,Pop
36,57.95312773742528,48.47926613937504,0.3066307872093618,0.5119704980751162,53.106761037445395,House EDM
36,79.24556249393747,85.0,0.0067,0.6482862919051028,44.0329745809149,House EDM
31,43.65463472844078,52.433282643569456,0.3994754577114713,0.5857173079286431,58.70483568401775,Smooth Jazz
38,58.53638679950335,55.71420903871727,0.27235739421413363,0.42884605949915733,43.074927152526634,House EDM
59,54.92831172065938,44.11805839819398,0.4437895868117452,0.6572269529067287,51.44288684602286,Pop
32,39.97118317825549,45.165295482039,0.11240409719772215,0.5008305706124216,33.335564416249895,Smooth Jazz
33,55.7807185493314,72.83231599046731,0.3221913672431291,0.7492675978573451,41.94877284572114,House EDM
46,49.45179118299936,65.03300828244677,0.23592289288745866,0.4194187135373898,50.92513973438129,House EDM
40,49.51992663130712,47.725708220096806,0.3499506128825217,0.3099998144918329,43.60993951675914,House EDM
36,36.892772239792976,59.90047697308542,0.16663684045194238,0.3182921982003072,36.24939581820543,Smooth Jazz
39,66.12131669864094,59.63896448385133,0.4074937497442713,0.40727362915876375,54.62667948282002,House EDM
44,61.18810264873086,43.92629830845163,0.404836641683131,0.5644849955146732,42.782796428601344,House EDM
42,45.5078089118479,61.68046663559306,0.3646627196427987,0.6053971821086914,47.41017785861939,Smooth Jazz
40,49.816588004842394,62.93517242279168,0.3881168130522934,0.2392457583617767,43.701366682872305,House EDM
38,57.769040198412114,58.78418414632961,0.3614268838728528,0.4823671313476962,51.26592053318518,House EDM
65,42.10066563145238,33.55726760699834,0.35728648569416,0.47345239937544664,51.24534691214625,Pop
44,58.46556023566046,61.870188673662376,0.33315298419390516,0.4441914474433153,53.840924648019694,House EDM
36,60.64611764669982,20.864687032400898,0.7364526531484823,0.6117217573459437,53.158053332019904,Pop
50,57.70545221425168,32.24895736504648,0.41849000295208816,0.5795196129631214,51.75172199303327,Pop
40,31.341660800249997,49.00325602153652,0.17610981669037162,0.4443683618327787,38.757295211179894,Smooth Jazz
33,59.15741312164918,74.02418266461277,0.3598964630477011,0.2753246092791868,59.79343039523025,House EDM
75,44.65883774029911,36.75179965745376,0.32929981348613735,0.4430312934287184,41.90828787297498,Pop
69,73.59942833560163,59.586932475965796,0.25495718337773543,0.6726170735222943,44.048599404026945,Pop
31,35.5709747656407,41.302021511451244,0.07,0.38932277661591697,48.18576121565824,Smooth Jazz
50,35.40129820889096,56.44765305409417,0.0349,0.47866451791654807,52.839971524132295,Smooth Jazz
52,67.01155730305747,52.226516604574286,0.3476379742795086,0.5874977135821786,45.34342060324417,Pop
45,54.75556478830609,59.39034035514356,0.4372299982361319,0.3697161236109767,48.589062032751094,House EDM
52,69.55788628441994,30.510728468901284,0.4038168033772209,0.5564500912066369,49.12407883409706,Pop
44,32.896296123554244,61.830621272182476,0.4171217448285751,0.5449707706513736,47.855108799870635,Smooth Jazz
46,44.786675953219614,66.08676573204502,0.5030905471549607,0.5571190169906488,38.34478590693901,Smooth Jazz
48,45.2884898801095,29.411911402019804,0.5840490194512299,0.48660708550392495,58.733192415076786,Pop
36,38.33766718755294,49.885661064000246,0.13483813248541776,0.4824359309182531,34.498682956245815,Smooth Jazz
32,43.92264870299965,55.70708868672703,0.38656332414267525,0.36532173391308,53.69777249654142,House EDM
32,52.79365863157746,52.9927340860704,0.5052858727462323,0.3772945048238494,42.6767416545963,House EDM
35,69.26816487304256,91.0,0.27686159596534216,0.5733692233707421,48.123654526654185,House EDM
52,71.47391061480621,69.18325964307013,0.16213018169818483,0.5743602475692521,60.55243359643498,House EDM
34,31.892608963508078,50.772482959328784,0.237375498022039,0.5812304439117454,57.4168439040454,Smooth Jazz
51,41.50555801206032,73.16120028180835,0.77953963258681,0.4155178432137605,56.36609648084085,Smooth Jazz
49,59.41477749194071,71.3169412714036,0.583101598766829,0.5008624157064048,49.02561804696599,Smooth Jazz
56,61.2472213940148,35.669074072601084,0.3634744175325997,0.5049382126311394,41.63880050202473,Pop
40,31.418116104377706,54.374108816733774,0.30768037146387267,0.3597845349737261,54.48074405664958,Smooth Jazz
40,53.7845362020559,45.26830868761218,0.5122795848985562,0.5453329859350068,76.31876609016727,House EDM
55,58.10580900074933,25.913223981142075,0.39394053249903777,0.7656917127718914,67.36916336458026,Pop
30,67.29322802730104,87.0,0.3661189880407887,0.4519127256187623,51.66436939136765,House EDM
48,54.81905930722651,62.045516078059784,0.3534981734975554,0.3879318113919178,38.211203859107584,House EDM
40,44.13779558335723,26.940393339503252,0.5160786272949882,0.6434146098955423,31.738917468456073,House EDM
35,29.011209937756025,52.233754247026845,0.16095043996342795,0.4692178015441748,49.749006850725884,Smooth Jazz
49,84.9426004038528,53.41573706514447,0.2014449548232849,0.4850213181575915,43.828562256400915,House EDM
43,38.90525682307037,28.007984569276438,0.6663299352936297,0.4092699220336211,18.49133323942916,Pop
24,47.29747794055095,72.55668898808379,0.3868239469051883,0.2837842334776922,44.27146295225971,House EDM
61,42.62264926191712,35.83165590393002,0.47631298544896306,0.4497188651677047,43.16472671401633,Pop
54,54.8186442955286,64.82011110300826,0.11357584518464953,0.41687934447124353,48.05042327613985,House EDM
32,43.57358578112084,52.899768717387666,0.3794220736146326,0.5955670710795966,59.25946334906769,Smooth Jazz
45,45.98158290282254,25.55861759939397,0.3427510446076508,0.6581164280522513,39.38889497551598,Pop
42,67.16542468895632,47.30327636744429,0.4493560710983553,0.5578904886796683,52.94618173754285,House EDM
36,43.23179708377646,66.06058900105663,0.5823767946552033,0.40450209445940954,56.5118532947422,Smooth Jazz
62,75.76510684564002,40.6939893169686,0.3544246398564112,0.37809363731563256,43.49364141130726,Pop
54,20.300917603884745,2.4074315568619653,0.503428077751631,0.5333211295758219,53.31641631501365,Pop
54,72.55254349044506,56.474718456030295,0.4462540193283108,0.46766330158969294,34.74146153548403,House EDM
37,65.22990296317347,64.97766278129761,0.40981404376953023,0.4802871975673653,55.37876742684214,House EDM
67,64.10536214160133,53.806657112073594,0.3834656169963106,0.5747781144911503,34.31413543246691,Pop
56,62.62092971996681,42.220055865789675,0.38593793625600553,0.5798170397011985,55.577553083762375,Pop
56,36.792141373208956,36.854180405254425,0.6775920383675598,0.711757652569424,48.314229242280085,Pop
51,80.3635967303599,68.40127926428445,0.5196650515616141,0.43443651616849266,54.08628988224369,House EDM
68,29.515046529695898,28.51821262153651,0.1368672718499972,0.6098107357179251,56.69803117688549,Pop
52,37.135995240864446,22.812136271765024,0.25364406595294964,0.38354695390741306,43.493842932671356,Pop
45,37.45353959478153,55.838793417896,0.3511604975606313,0.38175681391184846,46.622225418188044,Smooth Jazz
40,54.58085783943494,52.24073561420575,0.5307273644514304,0.5463059387205713,26.094723357357275,House EDM
39,45.821001726745244,64.63724038916064,0.5252633303256846,0.3754720267174201,56.13366451184032,Smooth Jazz
36,59.6356463980759,74.14386030729447,0.25265890496998294,0.4684237454592182,31.064940841085686,House EDM
42,35.403912638559085,56.802829896538356,0.2636238423993087,0.534577047849308,57.126121324372434,Smooth Jazz
37,44.10301201240322,70.93427421033358,0.19364962668135344,0.36380700298805846,44.605730278821454,House EDM
26,45.92163865282645,87.02562553515449,0.480422566170925,0.48794520585715134,54.2110143138661,House EDM
51,72.84805159131875,80.55477593924807,0.19984363640964198,0.6768200954612343,42.953413987852706,House EDM
32,24.05048282429547,59.61824612753914,0.5465003561582439,0.5293983578122003,46.237096492560056,Pop
55,66.5276688609355,58.51885855504493,0.3098387400029494,0.6144953880789358,39.57116639806081,House EDM
62,66.00271308031958,48.47892783634512,0.17935253233308945,0.5143222744294682,51.438643589406794,Pop
41,61.34698593328535,79.39460264802764,0.3309831469546527,0.7198409438828324,63.39866922879523,House EDM
65,56.634925712357095,54.88597041119082,0.24127442850140163,0.35254814081135405,50.20455101280081,Pop
52,39.85943794433786,52.270929137198294,0.0471,0.6033958633273663,53.699041001760754,Smooth Jazz
34,41.15247790395734,47.77937380806607,0.12048121714743748,0.3703831170649101,55.72760056399825,Smooth Jazz
58,45.07457312147315,58.179428967685375,0.12970325151537015,0.3468680950343907,70.09788306423869,Smooth Jazz
30,45.99391158823006,64.91567423227323,0.676388728048827,0.7966279446512023,48.42209232951189,Smooth Jazz
57,39.96014468859099,26.06596744370794,0.5325098862521794,0.596529969119333,47.5320239296302,Pop
74,45.778024282806705,41.67357345160872,0.1178219201314295,0.5827173644849816,47.99091607374992,Pop
40,41.098039720484,44.96215935356932,0.3553237140900074,0.6673779397253083,54.028955047434955,House EDM
70,52.452152344202396,49.33671105493742,0.16063210993574978,0.4573427871180883,42.31820213742262,Pop
58,61.8812782745065,22.757455786374734,0.37540541085759793,0.4932981847152888,56.988896619726866,Pop
34,61.064908345629696,84.22494354690272,0.0779,0.5146521691091007,50.135698796890445,House EDM
29,44.69266964197272,22.222737597380924,0.6005854551381592,0.4991323216111393,51.94316858395743,House EDM
63,58.113138765141,40.51845093603445,0.5742172081243038,0.5819892006671372,46.00546541266396,Pop
41,52.62508999796862,26.74943229864884,0.4597349265460683,0.15152077450648777,42.26897691110477,House EDM
35,59.356848387437694,75.03921211674204,0.43087841211814837,0.2652772591743505,57.09925251826994,House EDM
45,57.94570275708161,63.62605606302346,0.3017904492858318,0.25949877797402343,50.59111383374635,Smooth Jazz
38,71.5740483018639,89.1984951669015,0.4104805509753598,0.6516726313176173,68.24783604950561,House EDM
41,67.45900995626039,61.17773416743828,0.21329811524367792,0.4412633918974738,45.500891078801466,House EDM
65,58.17450477224682,36.744274737965256,0.2703629640345577,0.2936947491584824,63.974991759159664,Pop
64,54.80625503117853,47.26791858256723,0.0551,0.5618216950848803,49.67929984044507,Pop
55,70.35773130787604,66.34535743271279,0.0925,0.43797381991587253,33.208274882729555,House EDM
43,83.9185989145064,43.61432246810339,0.40047265723483066,0.7406433348682286,34.25732927829577,Pop
43,20.524987601710126,53.325985112151116,0.37002502013578553,0.4948885310436045,59.96610389959699,Smooth Jazz
65,42.849301237225525,33.36313300386283,0.4818217713940125,0.24927640611921853,53.290494672732756,Pop
71,46.09774600579887,43.8456929039251,0.37852694614947385,0.6043662937577168,60.563963992444414,Pop
66,56.49726150552165,51.29359769028104,0.37839562924078374,0.3951525272770414,44.87015352539151,Pop
48,45.049315969792474,71.21066958066248,0.43896039613998405,0.7175184540341032,41.68727726208682,Smooth Jazz
58,67.85344600614027,45.39668833519456,0.24729103543175163,0.5412459401395521,47.66790469595231,Pop
53,41.097886165820896,28.08812217847766,0.3508565605411167,0.4993928821288184,65.29046045427447,Pop
55,73.49297355340568,55.94030340051162,0.3476382558850628,0.5434987642931142,46.05267176702724,House EDM
38,54.77973922569781,52.60074551582007,0.5081920647496684,0.6275231696953375,52.91413670239148,House EDM
69,59.032367122843624,33.14953336038657,0.3092859430236148,0.5398518343280859,37.88383308050602,Pop
49,51.23781927612713,35.420045352970476,0.6267458742886531,0.6275889749386812,44.67530927518108,Pop
51,86.20794715817999,59.43408665188711,0.10714451321137142,0.47231438327546316,42.7269024030715,Pop
46,70.544914313326,85.27069077992034,0.0184,0.5362540170168818,47.774761849270114,House EDM
44,54.15559031642978,72.36633268366842,0.2919734298719481,0.4348592398905398,72.76834031543646,House EDM
51,52.010552993932826,21.14641618056246,0.24270596999077532,0.3408770413852935,34.17044114570849,Pop
53,22.89528115295338,62.00114732641034,0.25774186220534945,0.2059988209294642,39.82133851063067,Smooth Jazz
41,40.43152881597234,64.32669865447825,0.3513029631223976,0.49040391451041093,39.96014404827868,Smooth Jazz
40,55.73083760062519,48.10857951932814,0.4490981446975882,0.6028431246703725,68.58828439645511,House EDM
72,34.79623601681144,35.5308335686119,0.0455,0.546947382181066,41.659037408257575,Pop
32,39.76892669552124,54.80888180225677,0.48518819253186146,0.5091345278902352,31.063719151189773,Smooth Jazz
43,36.5925849655236,68.70331066821305,0.6060722361730281,0.2861058490924182,48.62786551502042,Smooth Jazz
32,67.52720018372969,50.81482656307154,0.6492804425480301,0.7804514703390477,60.086557170143784,House EDM
56,51.91682389332187,46.4620792815351,0.3495736085858808,0.6886620211197958,50.561597851152264,Pop
63,51.4874945784503,51.18145347752328,0.0991,0.655392362940915,66.3690174877526,Pop
53,5.078122940411696,73.16247638294085,0.8035334424545759,0.6030827758429008,57.623826461222926,Smooth Jazz
51,57.21907441030046,51.77935735224174,0.41802153437961787,0.550575640279996,49.47184319006692,House EDM
51,72.27689022051639,80.2764447083577,0.20106826646579573,0.4245709638879162,53.893527762891594,House EDM
40,32.42001619997885,63.812918647367525,0.4004545114008038,0.4641059782328707,41.69427362651503,Smooth Jazz
34,44.07803110539886,29.069553355335074,0.5761448800690877,0.5885533445458621,65.00734756621607,Pop
24,57.07590085726905,74.10084065305062,0.5428831754228858,0.6011252096415025,52.74515206680629,House EDM
38,69.7741055682292,88.01967087771645,0.27177073007144437,0.2680752298014504,39.216014998265194,House EDM
41,74.28448379580823,76.07238661724773,0.10074589727460392,0.5921837098965026,37.7220430576804,House EDM
48,62.77529364492975,76.08085211621324,0.30404552906771,0.5216437662597116,52.936572406329056,House EDM
47,49.207914185555104,73.26935978000775,0.5997680389828594,0.3530356134676915,66.2657977629226,Smooth Jazz
66,48.21360808730194,27.588432486305035,0.6117303106457752,0.46416378256672275,46.42106380251234,Pop
46,42.51178699347975,53.36768997414993,0.3100172668942468,0.25607864500916594,66.75425308064031,Smooth Jazz
39,60.751236640470296,68.94101929465762,0.21753284035492076,0.1897947364800135,62.59263646978465,House EDM
34,46.03330548240316,57.72807300576629,0.7366394288754208,0.8460225791098178,50.75699241797745,House EDM
42,48.051722240670024,66.41149769840365,0.41246353672705327,0.22238021047540812,64.50362506584057,Smooth Jazz
76,58.89303685023022,52.97416902595705,0.20960300035390694,0.3602106771185575,56.47993155038468,Pop
62,80.23467574455336,53.59733664103001,0.1873455913339494,0.523657568172138,54.72311938993543,Pop
32,48.156967750812804,56.15699607103325,0.2732697326522686,0.366284662253878,27.335215146788116,Smooth Jazz
56,64.30262164397894,48.520987238312195,0.27072074357912057,0.417094814746349,61.74087115308289,Pop
44,71.1494657822027,86.75588245797047,0.3671349982153447,0.5621348089174549,52.7176512641888,House EDM
37,33.65682180826033,63.02853459592299,0.45807653933742665,0.6827665582199531,23.857970321012996,Smooth Jazz
44,58.380262997938836,59.15560988458236,0.33662069226050295,0.6819467604001072,66.2391923893275,House EDM
44,60.37031522697471,60.74444849595355,0.0358,0.4677945043615448,42.099746588415236,House EDM
56,65.06762940892584,40.60865205668887,0.6011493521943296,0.6563652429290352,45.03457256899145,Pop
58,54.13941711787212,77.87394677120604,0.566587321261266,0.2091263860818905,49.25503696932378,Smooth Jazz
61,75.6814363934738,50.406987515964474,0.0844,0.2575857106974855,46.490558388541366,Pop
31,59.43333325764471,51.736683823721876,0.6465430518009,0.4552049040418517,58.42430992805957,House EDM
30,32.72279978746941,44.77668925811547,0.0683,0.31308850201599014,51.0035333549402,Smooth Jazz
35,66.74390986679917,85.97135378824504,0.23792133124553072,0.945,55.21103913821194,House EDM
35,25.34532408935881,66.9747288364986,0.584152682376489,0.32282440197855555,39.45021546037658,Smooth Jazz
41,37.11867311442236,54.522811067778356,0.16287985927318938,0.5754691506978252,55.48326568310438,Smooth Jazz
68,68.8123357236042,60.30916082341136,0.15092308162677037,0.5842209202581699,34.7922941794353,Pop
40,86.5567977405245,46.40361829019249,0.5650348729083996,0.49160557236817787,55.92131248259003,Pop
52,65.42128386185084,40.22025457792673,0.2153525503270513,0.4617176071379985,41.72956930842862,Pop
47,52.41374661010705,35.62776376485002,0.33630061046753934,0.5917958446729619,50.270572876744545,House EDM
34,61.928742626408926,70.76892065873018,0.43534966635603034,0.4010825170066123,48.568759438070366,House EDM
46,75.67529714266385,62.844724722564,0.23195206573830068,0.32549772835328344,48.712037321303626,House EDM
45,62.49625560737495,70.73415752773904,0.4048055169002692,0.4998943232348676,44.37715676519252,House EDM
51,61.173274416153326,51.63248776999242,0.14084634820769665,0.5047480036980112,44.697466806758676,House EDM
30,48.49933825377617,68.8770052101516,0.37462335640319133,0.8367182988875908,67.87978173164691,House EDM
66,35.684835085187956,35.18048453292242,0.25187267808882147,0.45264569664246107,51.946787630818335,Pop
44,65.26247352676499,56.847241756797665,0.600883451899763,0.5363806295820276,54.97745294900169,House EDM
39,44.39680656372432,32.74478322461903,0.4807002012261141,0.6534694051453654,48.845449163367796,House EDM
43,69.96380157420965,87.33353559921711,0.24355567877107165,0.4549814894715921,43.27228256117826,House EDM
47,69.50416782282872,35.23537495631803,0.5156995193435422,0.5800768169006922,46.5760838638877,Pop
57,70.67723904207723,40.37084184813733,0.3580640108915192,0.6188565781140623,34.50622658995833,Pop
45,63.4361032353482,59.71225335866727,0.32495757677144055,0.5164880348943097,53.52892181818198,House EDM
51,62.70978420696892,55.90774974872356,0.2895200972155728,0.629964038285734,34.71279624081819,House EDM
45,60.66583205862195,79.2655084540456,0.23113161469657362,0.5176956338324809,51.061684491810624,House EDM
55,67.18404531758564,62.380406930970906,0.33252504554010553,0.35834099590056145,55.659173317324935,House EDM
73,60.12389250118931,43.644334494080056,0.147456645136612,0.6702663293522062,21.509249717050153,Pop
58,58.10200345101931,42.74054802098193,0.3001276495676796,0.5561495794790114,42.95072491916277,Pop
35,36.563045294356115,54.741373533087135,0.28756246693609255,0.34647331996880393,63.12312063764642,Smooth Jazz
35,57.3742214667705,49.70255701066466,0.41431310286648476,0.49539427687701976,40.33517941865759,House EDM
38,42.24795513976409,50.30674608979789,0.0058,0.6910009085903905,64.81821024695466,Smooth Jazz
48,63.29018191869481,71.67108003728498,0.26789558968026556,0.3623472103485105,55.71748259907134,House EDM
